<?xml version="1.0" encoding="UTF-8"?>
<shortcuts>
	<shortcut>
		<label>[B]Beenden[/B]</label>
		<label2>[B]Beenden[/B]</label2>
		<icon>DefaultFolder.png</icon>
		<thumb />
		<action>ActivateWindow(ShutdownMenu)</action>
	</shortcut>
	<shortcut>
		<label>1036</label>
		<label2>1036</label2>
		<icon>DefaultFolder.png</icon>
		<thumb />
		<action>ActivateWindow(Favourites)</action>
	</shortcut>
	<shortcut>
		<label>24001</label>
		<label2>24001</label2>
		<icon>DefaultFolder.png</icon>
		<thumb />
		<action>ActivateWindow(AddonBrowser)</action>
	</shortcut>
	<shortcut>
		<label>166</label>
		<label2>32034</label2>
		<icon>DefaultFolder.png</icon>
		<thumb />
		<action>ActivateWindow(SkinSettings)</action>
	</shortcut>
	<shortcut>
		<label>7</label>
		<label2>32034</label2>
		<icon>DefaultFolder.png</icon>
		<thumb />
		<action>ActivateWindow(FileManager)</action>
	</shortcut>
	<shortcut>
		<label>10007</label>
		<label2>10007</label2>
		<icon>DefaultFolder.png</icon>
		<thumb />
		<action>ActivateWindow(SystemInfo)</action>
	</shortcut>
	<shortcut>
		<label>13200</label>
		<label2>32034</label2>
		<icon>UnknownUser.png</icon>
		<thumb />
		<action>ActivateWindow(Profiles)</action>
	</shortcut>
</shortcuts>
