<?xml version="1.0" encoding="UTF-8"?>
<window>
	<defaultcontrol always="true">9000</defaultcontrol>
	<controls>
		<control type="group">
			<control type="image">
				<left>1270r</left>
				<top>0</top>
				<width>1280</width>
				<height>720</height>
				<texture>$INFO[ListItem.Art(fanart)]</texture>
			</control>
			<control type="image">
				<left>0</left>
				<top>0</top>
				<width>100%</width>
				<height>100%</height>
				<texture>backgrounds/fade_50.png</texture>
				<aspectratio>scale</aspectratio>
			</control>
			<control type="image">
				<left>0</left>
				<top>0</top>
				<width>1920</width>
				<height>1080</height>
				<texture diffuse="backgrounds/backgrounddiffuse.png">$INFO[Skin.CurrentTheme,special://skin/extras/backgrounds/,.jpg]</texture>
			</control>
			<control type="image">
				<left>0</left>
				<top>0</top>
				<width>1920</width>
				<height>1080</height>
				<texture diffuse="backgrounds/backgrounddiffuse.png">$INFO[Skin.String(CustomBackgroundPath)]</texture>
				<visible>Skin.HasSetting(UseCustomBackground) + Skin.String(CustomBackgroundPath)</visible>
			</control>
		</control>
		<control type="group">
			<visible>!Skin.HasSetting(View50HideClock)</visible>
			<visible>!Player.HasAudio + !Skin.HasSetting(homepageMusicinfo)</visible>
			<visible>!Player.HasVideo + !Skin.HasSetting(homepageVideoinfo)</visible>
			<control type="label">
				<visible>!Skin.HasSetting(Shadow)</visible>
				<top>122r</top>
				<left>23</left>
				<width>500</width>
				<height>22</height>
				<font>font14</font>
				<align>left</align>
				<aligny>center</aligny>
				<label>$INFO[System.Date]</label>
				<textcolor>black</textcolor>
				<shadowcolor>black</shadowcolor>
			</control>
			<control type="label">
				<top>125r</top>
				<left>20</left>
				<width>500</width>
				<height>22</height>
				<font>font14</font>
				<align>left</align>
				<aligny>center</aligny>
				<label>$INFO[System.Date]</label>
				<textcolor>white</textcolor>
				<shadowcolor>black</shadowcolor>
			</control>
			<control type="label">
				<visible>!Skin.HasSetting(Shadow)</visible>
				<top>77r</top>
				<left>23</left>
				<width>500</width>
				<height>30</height>
				<align>left</align>
				<aligny>center</aligny>
				<font>font35_title</font>
				<textcolor>black</textcolor>
				<shadowcolor>black</shadowcolor>
				<label>$INFO[System.Time(hh:mm:ss)]</label>
			</control>
			<control type="label">
				<top>80r</top>
				<left>20</left>
				<width>500</width>
				<height>30</height>
				<align>left</align>
				<aligny>center</aligny>
				<font>font35_title</font>
				<textcolor>$INFO[Skin.String(color.500)]</textcolor>
				<shadowcolor>black</shadowcolor>
				<label>$INFO[System.Time(hh:mm:ss)]</label>
			</control>
		</control>
		<control type="image">
			<visible>!Skin.HasSetting(Shadow)</visible>
			<left>5</left>
			<top>938</top>
			<width>1920</width>
			<height>64</height>
			<texture colordiffuse="black">menu_bar_views.png</texture>
		</control>
		<control type="image">
			<left>0</left>
			<top>935</top>
			<width>1920</width>
			<height>64</height>
			<texture colordiffuse="$INFO[Skin.String(color.500)]">menu_bar_views.png</texture>
		</control>
		<control type="group">
			<left>0</left>
			<top>510</top>
			<visible>Player.HasAudio + !Skin.HasSetting(homepageMusicinfo) + String.IsEmpty(Window(Videos).Property(PlayingBackgroundMedia))</visible>
			<control type="group">
				<control type="label">
					<left>20</left>
					<top>440</top>
					<height>38</height>
					<width>560</width>
					<align>left</align>
					<aligny>center</aligny>
					<font>breadcrumb</font>
					<textcolor>$INFO[Skin.String(color.500)]</textcolor>
					<shadowcolor>black</shadowcolor>
					<label>$INFO[Player.Title]</label>
					<scroll>true</scroll>
				</control>
				<control type="label">
					<left>20</left>
					<top>470</top>
					<height>38</height>
					<width>560</width>
					<align>left</align>
					<aligny>center</aligny>
					<font>breadcrumb.secondary</font>
					<textcolor>$INFO[Skin.String(color.500)]</textcolor>
					<shadowcolor>black</shadowcolor>
					<label>$INFO[MusicPlayer.Artist] [COLORwhite]$INFO[MusicPlayer.Album]$INFO[musicplayer.discnumber, - $LOCALIZE[427]: ][/COLOR]</label>
					<scroll>true</scroll>
				</control>
				<control type="label">
					<left>20</left>
					<top>500</top>
					<height>38</height>
					<width>560</width>
					<align>left</align>
					<aligny>center</aligny>
					<font>breadcrumb.secondary</font>
					<textcolor>white</textcolor>
					<shadowcolor>black</shadowcolor>
					<label>$INFO[Player.Time] / $INFO[Player.Duration,]</label>
					<scroll>true</scroll>
				</control>
			</control>
		</control>
		<control type="group">
			<left>0</left>
			<top>510</top>
			<visible>Player.HasAudio + !Skin.HasSetting(homepageMusicinfo) + String.IsEmpty(Window(Videos).Property(PlayingBackgroundMedia))</visible>
			<control type="group">
				<control type="label">
					<left>20</left>
					<top>440</top>
					<height>38</height>
					<width>560</width>
					<align>left</align>
					<aligny>center</aligny>
					<font>breadcrumb</font>
					<textcolor>$INFO[Skin.String(color.500)]</textcolor>
					<shadowcolor>black</shadowcolor>
					<label>$INFO[Player.Title]</label>
					<scroll>true</scroll>
				</control>
				<control type="label">
					<left>20</left>
					<top>470</top>
					<height>38</height>
					<width>560</width>
					<align>left</align>
					<aligny>center</aligny>
					<font>breadcrumb.secondary</font>
					<textcolor>$INFO[Skin.String(color.500)]</textcolor>
					<shadowcolor>black</shadowcolor>
					<label>$INFO[MusicPlayer.Artist] [COLORwhite]$INFO[MusicPlayer.Album]$INFO[musicplayer.discnumber, - $LOCALIZE[427]: ][/COLOR]</label>
					<scroll>true</scroll>
				</control>
				<control type="label">
					<left>20</left>
					<top>500</top>
					<height>38</height>
					<width>560</width>
					<align>left</align>
					<aligny>center</aligny>
					<font>breadcrumb.secondary</font>
					<textcolor>white</textcolor>
					<shadowcolor>black</shadowcolor>
					<label>$INFO[Player.Time] / $INFO[Player.Duration,]</label>
					<scroll>true</scroll>
				</control>
			</control>
		</control>
		<control type="group">
			<left>0</left>
			<top>480</top>
			<visible>Player.HasVideo + !Skin.HasSetting(homepageVideoinfo) + String.IsEmpty(Window(Videos).Property(PlayingBackgroundMedia))</visible>
				<control type="group">
				<visible>!VideoPlayer.Content(Movies) + !VideoPlayer.Content(Episodes) + !VideoPlayer.Content(LiveTV)</visible>
				<control type="label">
					<left>20</left>
					<top>500</top>
					<height>38</height>
					<width>560</width>
					<align>left</align>
					<aligny>center</aligny>
					<font>breadcrumb</font>
					<textcolor>$INFO[Skin.String(color.500)]</textcolor>
					<shadowcolor>black</shadowcolor>
					<label>$INFO[Player.Title]</label>
					<scroll>true</scroll>
				</control>
				<control type="label">
					<left>20</left>
					<top>530</top>
					<height>38</height>
					<width>560</width>
					<align>left</align>
					<aligny>center</aligny>
					<font>breadcrumb.secondary</font>
					<textcolor>white</textcolor>
					<shadowcolor>black</shadowcolor>
					<label>$INFO[Player.Time] / $INFO[Player.Duration,]</label>
				</control>
			</control>
			<control type="group">
				<visible>VideoPlayer.Content(LiveTV)</visible>
				<control type="label">
					<left>20</left>
					<top>470</top>
					<height>38</height>
					<width>560</width>
					<align>left</align>
					<aligny>center</aligny>
					<font>breadcrumb</font>
					<textcolor>$INFO[Skin.String(color.500)]</textcolor>
					<shadowcolor>black</shadowcolor>
					<label>$INFO[Player.Title]</label>
					<scroll>true</scroll>
				</control>
				<control type="label">
					<left>20</left>
					<top>500</top>
					<height>38</height>
					<width>560</width>
					<align>left</align>
					<aligny>center</aligny>
					<font>breadcrumb.secondary</font>
					<textcolor>white</textcolor>
					<shadowcolor>black</shadowcolor>
					<label>$INFO[VideoPlayer.ChannelName]</label>
					<scroll>true</scroll>
				</control>
				<control type="label">
					<left>20</left>
					<top>530</top>
					<height>38</height>
					<width>560</width>
					<align>left</align>
					<aligny>center</aligny>
					<font>breadcrumb.secondary</font>
					<textcolor>white</textcolor>
					<shadowcolor>black</shadowcolor>
					<label>$INFO[Player.Time] / $INFO[Player.Duration,]</label>
				</control>
			</control>
			<control type="group">
				<visible>VideoPlayer.Content(Movies)</visible>
				<control type="label">
					<left>20</left>
					<top>470</top>
					<height>38</height>
					<width>560</width>
					<align>left</align>
					<aligny>center</aligny>
					<font>breadcrumb</font>
					<textcolor>$INFO[Skin.String(color.500)]</textcolor>
					<shadowcolor>black</shadowcolor>
					<label>$INFO[Player.Title]</label>
					<scroll>true</scroll>
				</control>
				<control type="label">
					<left>20</left>
					<top>500</top>
					<height>38</height>
					<width>560</width>
					<align>left</align>
					<aligny>center</aligny>
					<font>breadcrumb.secondary</font>
					<textcolor>white</textcolor>
					<shadowcolor>black</shadowcolor>
					<label>$INFO[VideoPlayer.Studio]</label>
					<scroll>true</scroll>
				</control>
				<control type="label">
					<left>20</left>
					<top>530</top>
					<height>38</height>
					<width>560</width>
					<align>left</align>
					<aligny>center</aligny>
					<font>breadcrumb.secondary</font>
					<textcolor>white</textcolor>
					<shadowcolor>black</shadowcolor>
					<label>$INFO[Player.Time] / $INFO[Player.Duration,]</label>
				</control>
			</control>
			<control type="group">
				<visible>VideoPlayer.Content(Episodes)</visible>
				<control type="label">
					<left>20</left>
					<top>470</top>
					<height>38</height>
					<width>560</width>
					<align>left</align>
					<aligny>center</aligny>
					<font>breadcrumb</font>
					<textcolor>$INFO[Skin.String(color.500)]</textcolor>
					<shadowcolor>black</shadowcolor>
					<label>$INFO[Player.Title]</label>
					<scroll>true</scroll>
				</control>
				<control type="label">
					<left>20</left>
					<top>500</top>
					<height>38</height>
					<width>560</width>
					<align>left</align>
					<aligny>center</aligny>
					<font>breadcrumb.secondary</font>
					<textcolor>white</textcolor>
					<shadowcolor>black</shadowcolor>
					<label>$INFO[VideoPlayer.TVShowTitle] ($INFO[VideoPlayer.Season,$LOCALIZE[20373] , - ]$INFO[VideoPlayer.episode,$LOCALIZE[20359] ,])</label>
					<scroll>true</scroll>
				</control>
				<control type="label">
					<left>20</left>
					<top>530</top>
					<height>38</height>
					<width>450</width>
					<align>left</align>
					<aligny>center</aligny>
					<font>breadcrumb.secondary</font>
					<textcolor>white</textcolor>
					<shadowcolor>black</shadowcolor>
					<label>$INFO[Player.Time] / $INFO[Player.Duration,]</label>
				</control>
			</control>
		</control>
		<control type="group">
			<left>20</left>
			<width>1880</width>
			<visible>!Window.IsActive(FileBrowser) + !Window.IsActive(SelectDialog)</visible>
			<control type="grouplist" id="9000">
				<top>490</top>
				<width>1280</width>
				<height>60</height>
				<align>left</align>
				<itemgap>10</itemgap>
				<orientation>horizontal</orientation>
				<onleft></onleft>
				<onright></onright>
				<onup>888</onup>
				<ondown>888</ondown>
				<control type="button" id="12">
					<width>250</width>
					<height>60</height>
					<texturefocus colordiffuse="$INFO[Skin.String(color.500)]">backgrounds/white.png</texturefocus>
					<texturenofocus colordiffuse="button.nf">backgrounds/white.png</texturenofocus>
					<font>label</font>
					<textcolor>white</textcolor>
					<focusedcolor>white</focusedcolor>
					<shadowcolor>black</shadowcolor>
					<align>center</align>
					<label>518</label>
					<onclick></onclick>
					<onup>666</onup>
					<ondown>666</ondown>
					<onleft>4</onleft>
					<onright>5</onright>
				</control>
				<control type="button" id="9">
					<width>250</width>
					<height>60</height>
					<texturefocus colordiffuse="$INFO[Skin.String(color.500)]">backgrounds/white.png</texturefocus>
					<texturenofocus colordiffuse="button.nf">backgrounds/white.png</texturenofocus>
					<font>label</font>
					<textcolor>white</textcolor>
					<focusedcolor>white</focusedcolor>
					<shadowcolor>black</shadowcolor>
					<align>center</align>
					<label>24020</label>
					<onclick></onclick>
					<onup></onup>
					<ondown></ondown>
					<onleft>66</onleft>
					<onright>12</onright>
				</control>
				<control type="radiobutton" id="13">
					<width>500</width>
					<height>60</height>
					<textureradioonfocus colordiffuse="$INFO[Skin.String(color.900)]">radiobutton-focus.png</textureradioonfocus>
					<textureradioonnofocus colordiffuse="white">radiobutton-focus.png</textureradioonnofocus>
					<textureradioondisabled colordiffuse="$INFO[Skin.String(color.400)]">radiobutton-focus.png</textureradioondisabled>
					<textureradioofffocus colordiffuse="$INFO[Skin.String(color.900)]">radiobutton-nofocus.png</textureradioofffocus>
					<textureradiooffnofocus colordiffuse="white">radiobutton-nofocus.png</textureradiooffnofocus>
					<textureradiooffdisabled colordiffuse="$INFO[Skin.String(color.400)]">radiobutton-nofocus.png</textureradiooffdisabled>
					<texturefocus colordiffuse="$INFO[Skin.String(color.500)]">backgrounds/white.png</texturefocus>
					<texturenofocus colordiffuse="button.nf">backgrounds/white.png</texturenofocus>
					<font>label</font>
					<textcolor>white</textcolor>
					<focusedcolor>white</focusedcolor>
					<shadowcolor>black</shadowcolor>
					<align>center</align>
					<label>21340</label>
					<onclick></onclick>
					<onup>666</onup>
					<ondown>666</ondown>
					<onleft>4</onleft>
					<onright>5</onright>
				</control>
				<control type="button" id="14">
					<width>250</width>
					<height>60</height>
					<texturefocus colordiffuse="$INFO[Skin.String(color.500)]">backgrounds/white.png</texturefocus>
					<texturenofocus colordiffuse="button.nf">backgrounds/white.png</texturenofocus>
					<font>label</font>
					<textcolor>white</textcolor>
					<focusedcolor>white</focusedcolor>
					<shadowcolor>black</shadowcolor>
					<align>center</align>
					<label>24069</label>
					<onclick></onclick>
					<onup></onup>
					<ondown></ondown>
					<onleft>13</onleft>
					<onright>14</onright>
				</control>
				<control type="button" id="10">
					<width>250</width>
					<height>60</height>
					<texturefocus colordiffuse="$INFO[Skin.String(color.500)]">backgrounds/white.png</texturefocus>
					<texturenofocus colordiffuse="button.nf">backgrounds/white.png</texturenofocus>
					<font>label</font>
					<textcolor>white</textcolor>
					<focusedcolor>white</focusedcolor>
					<shadowcolor>black</shadowcolor>
					<align>center</align>
					<label>39024</label>
					<onclick></onclick>
					<onup>111</onup>
					<ondown>111</ondown>
					<onleft>5</onleft>
					<onright>13</onright>
				</control>
				<control type="button" id="8">
					<width>250</width>
					<height>60</height>
					<texturefocus colordiffuse="$INFO[Skin.String(color.500)]">backgrounds/white.png</texturefocus>
					<texturenofocus colordiffuse="button.nf">backgrounds/white.png</texturenofocus>
					<font>label</font>
					<textcolor>white</textcolor>
					<focusedcolor>white</focusedcolor>
					<shadowcolor>black</shadowcolor>
					<align>center</align>
					<label>24069</label>
					<onclick></onclick>
					<onup>555</onup>
					<ondown>555</ondown>
					<onleft>12</onleft>
					<onright>4</onright>
				</control>
				<control type="button" id="6">
					<width>250</width>
					<height>60</height>
					<texturefocus colordiffuse="$INFO[Skin.String(color.500)]">backgrounds/white.png</texturefocus>
					<texturenofocus colordiffuse="button.nf">backgrounds/white.png</texturenofocus>
					<font>label</font>
					<textcolor>white</textcolor>
					<focusedcolor>white</focusedcolor>
					<shadowcolor>black</shadowcolor>
					<align>center</align>
					<label>24022</label>
					<onclick></onclick>
					<onup>666</onup>
					<ondown>666</ondown>
					<onleft>4</onleft>
					<onright>5</onright>
				</control>
				<control type="button" id="7">
					<width>250</width>
					<height>60</height>
					<texturefocus colordiffuse="$INFO[Skin.String(color.500)]">backgrounds/white.png</texturefocus>
					<texturenofocus colordiffuse="button.nf">backgrounds/white.png</texturenofocus>
					<font>label</font>
					<textcolor>white</textcolor>
					<focusedcolor>white</focusedcolor>
					<shadowcolor>black</shadowcolor>
					<align>center</align>
					<label>24021</label>
					<onclick></onclick>
					<onup>666</onup>
					<ondown>666</ondown>
					<onleft>4</onleft>
					<onright>5</onright>
				</control>
			</control>
			<control type="image">
				<visible>!Skin.HasSetting(Shadow)</visible>
				<left>1</left>
				<top>571</top>
				<width>1365</width>
				<height>1</height>
				<texture colordiffuse="black">backgrounds/white.png</texture>
			</control>
			<control type="image">
				<left>0</left>
				<top>570</top>
				<width>1365</width>
				<height>1</height>
				<texture colordiffuse="$INFO[Skin.String(color.500)]">backgrounds/white.png</texture>
			</control>
			<control type="image">
				<visible>!Skin.HasSetting(Shadow)</visible>
				<left>388r</left>
				<top>437</top>
				<width>400</width>
				<height>500</height>
				<aspectratio aligny="bottom">keep</aspectratio>
				<texture colordiffuse="black">$INFO[ListItem.Icon]</texture>
				<bordertexture></bordertexture>
				<bordersize>10</bordersize>
			</control>
			<control type="image">
				<left>390r</left>
				<top>435</top>
				<width>400</width>
				<height>500</height>
				<aspectratio aligny="bottom">keep</aspectratio>
				<texture>$INFO[ListItem.Icon]</texture>
				<bordertexture></bordertexture>
				<bordersize>10</bordersize>
			</control>
			<control type="label">
				<visible>!Skin.HasSetting(Shadow)</visible>
				<left>2</left>
				<top>22</top>
				<width>750</width>
				<height>35</height>
				<font>button2</font>
				<align>left</align>
				<aligny>center</aligny>
				<textcolor>black</textcolor>
				<shadowcolor>black</shadowcolor>
				<label>[B]$INFO[ListItem.AddonName][/B]</label>
				<scroll>true</scroll>
			</control>
			<control type="label">
				<left>0</left>
				<top>20</top>
				<width>750</width>
				<height>35</height>
				<font>button2</font>
				<align>left</align>
				<aligny>center</aligny>
				<textcolor>$INFO[Skin.String(color.500)]</textcolor>
				<shadowcolor>black</shadowcolor>
				<label>[B]$INFO[ListItem.AddonName][/B]</label>
				<scroll>true</scroll>
			</control>
			<control type="label">
				<visible>!Skin.HasSetting(Shadow)</visible>
				<left>2</left>
				<top>57</top>
				<width>335</width>
				<height>35</height>
				<font>font12</font>
				<align>left</align>
				<aligny>center</aligny>
				<textcolor>black</textcolor>
				<shadowcolor>black</shadowcolor>
				<label>$INFO[ListItem.AddonSummary]</label>
				<scroll>true</scroll>
			</control>
			<control type="label">
				<left>0</left>
				<top>55</top>
				<width>750</width>
				<height>35</height>
				<font>font12</font>
				<align>left</align>
				<aligny>center</aligny>
				<textcolor>white</textcolor>
				<shadowcolor>black</shadowcolor>
				<label>$INFO[ListItem.AddonSummary]</label>
				<scroll>true</scroll>
			</control>
			<control type="image">
				<visible>!Skin.HasSetting(Shadow)</visible>
				<left>1</left>
				<top>101</top>
				<width>750</width>
				<height>1</height>
				<texture colordiffuse="black">backgrounds/white.png</texture>
			</control>
			<control type="image">
				<left>0</left>
				<top>100</top>
				<width>750</width>
				<height>1</height>
				<texture colordiffuse="$INFO[Skin.String(color.500)]">backgrounds/white.png</texture>
			</control>
			<control type="image">
				<visible>!Skin.HasSetting(Shadow)</visible>
				<left>0</left>
				<top>112</top>
				<width>35</width>
				<height>35</height>
				<aspectratio>keep</aspectratio>
				<texture colordiffuse="black">icons/addon.png</texture>
			</control>
			<control type="image">
				<left>-2</left>
				<top>110</top>
				<width>35</width>
				<height>35</height>
				<aspectratio>keep</aspectratio>
				<texture>icons/addons.png</texture>
			</control>
			<control type="label">
				<left>47</left>
				<top>112</top>
				<width>650</width>
				<height>35</height>
				<font>button2</font>
				<align>left</align>
				<aligny>center</aligny>
				<textcolor>black</textcolor>
				<shadowcolor>black</shadowcolor>
				<label fallback=".....">$INFO[ListItem.Property(Addon.ID)]$INFO[ListItem.AddonVersion,v. ]</label>
			</control>
			<control type="label">
				<left>45</left>
				<top>110</top>
				<width>650</width>
				<height>35</height>
				<font>button2</font>
				<align>left</align>
				<aligny>center</aligny>
				<textcolor>$INFO[Skin.String(color.500)]</textcolor>
				<shadowcolor>black</shadowcolor>
				<label fallback="[COLORgrey].....[/COLOR]">$INFO[ListItem.Property(Addon.ID)] $INFO[ListItem.AddonVersion,v. ]</label>
			</control>
			<control type="image">
				<visible>!Skin.HasSetting(Shadow)</visible>
				<left>-12</left>
				<top>143</top>
				<width>64</width>
				<height>64</height>
				<aspectratio>keep</aspectratio>
				<texture colordiffuse="black">defaultactor.png</texture>
			</control>
			<control type="image">
				<left>-13</left>
				<top>142</top>
				<width>60</width>
				<height>60</height>
				<aspectratio>keep</aspectratio>
				<texture>defaultactor.png</texture>
			</control>
			<control type="label">
				<visible>!Skin.HasSetting(Shadow)</visible>
				<left>47</left>
				<top>157</top>
				<width>650</width>
				<height>35</height>
				<font>button2</font>
				<align>left</align>
				<aligny>center</aligny>
				<textcolor>black</textcolor>
				<shadowcolor>black</shadowcolor>
				<label fallback=".....">$INFO[ListItem.AddonCreator]</label>
			</control>
			<control type="label">
				<left>45</left>
				<top>155</top>
				<width>650</width>
				<height>35</height>
				<font>button2</font>
				<align>left</align>
				<aligny>center</aligny>
				<textcolor>$INFO[Skin.String(color.500)]</textcolor>
				<shadowcolor>black</shadowcolor>
				<label fallback="[COLORgrey].....[/COLOR]">$INFO[ListItem.AddonCreator]</label>
			</control>
			<control type="image">
				<visible>!Skin.HasSetting(Shadow)</visible>
				<left>-13</left>
				<top>187</top>
				<width>64</width>
				<height>64</height>
				<aspectratio>keep</aspectratio>
				<texture colordiffuse="black">defaultaddonsupdates.png</texture>
			</control>
			<control type="image">
				<left>-15</left>
				<top>185</top>
				<width>64</width>
				<height>64</height>
				<aspectratio>keep</aspectratio>
				<texture>defaultaddonsupdates.png</texture>
			</control>
			<control type="label">
				<visible>!Skin.HasSetting(Shadow)</visible>
				<left>47</left>
				<top>202</top>
				<width>705</width>
				<height>35</height>
				<font>button2</font>
				<align>left</align>
				<aligny>center</aligny>
				<textcolor>black</textcolor>
				<shadowcolor>black</shadowcolor>
				<label fallback=".....">$INFO[ListItem.AddonLastUpdated]</label>
				<scroll>true</scroll>
			</control>
			<control type="label">
				<left>45</left>
				<top>200</top>
				<width>705</width>
				<height>35</height>
				<font>button2</font>
				<align>left</align>
				<aligny>center</aligny>
				<textcolor>$INFO[Skin.String(color.500)]</textcolor>
				<shadowcolor>black</shadowcolor>
				<label fallback="[COLORgrey].....[/COLOR]">$INFO[ListItem.AddonLastUpdated]</label>
				<scroll>true</scroll>
			</control>
			<control type="image">
				<visible>!Skin.HasSetting(Shadow)</visible>
				<left>2</left>
				<top>247</top>
				<width>35</width>
				<height>35</height>
				<aspectratio>keep</aspectratio>
				<texture colordiffuse="black">icons/info.png</texture>
			</control>
			<control type="image">
				<left>0</left>
				<top>245</top>
				<width>35</width>
				<height>35</height>
				<aspectratio>keep</aspectratio>
				<texture>icons/info.png</texture>
			</control>
			<control type="label">
				<visible>!Skin.HasSetting(Shadow)</visible>
				<left>47</left>
				<top>247</top>
				<width>705</width>
				<height>35</height>
				<font>button2</font>
				<align>left</align>
				<aligny>center</aligny>
				<textcolor>black</textcolor>
				<shadowcolor>black</shadowcolor>
				<label fallback=".....">$INFO[ListItem.Property(Addon.Status)]</label>
				<scroll>true</scroll>
			</control>
			<control type="label">
				<left>45</left>
				<top>245</top>
				<width>705</width>
				<height>35</height>
				<font>button2</font>
				<align>left</align>
				<aligny>center</aligny>
				<textcolor>$INFO[Skin.String(color.500)]</textcolor>
				<shadowcolor>black</shadowcolor>
				<label fallback="[COLORgrey].....[/COLOR]">$INFO[ListItem.Property(Addon.Status)]</label>
				<scroll>true</scroll>
			</control>
			<control type="image">
				<visible>!Skin.HasSetting(Shadow)</visible>
				<left>2</left>
				<top>292</top>
				<width>35</width>
				<height>35</height>
				<aspectratio>keep</aspectratio>
				<texture colordiffuse="black">icons/addons.png</texture>
			</control>
			<control type="image">
				<left>0</left>
				<top>290</top>
				<width>35</width>
				<height>35</height>
				<aspectratio>keep</aspectratio>
				<texture>icons/addons.png</texture>
			</control>
			<control type="label">
				<visible>!Skin.HasSetting(Shadow)</visible>
				<left>47</left>
				<top>292</top>
				<width>705</width>
				<height>35</height>
				<font>button2</font>
				<align>left</align>
				<aligny>center</aligny>
				<textcolor>black</textcolor>
				<shadowcolor>black</shadowcolor>
				<label fallback=".....">$INFO[ListItem.AddonType]</label>
				<scroll>true</scroll>
			</control>
			<control type="label">
				<left>45</left>
				<top>290</top>
				<width>705</width>
				<height>35</height>
				<font>button2</font>
				<align>left</align>
				<aligny>center</aligny>
				<textcolor>$INFO[Skin.String(color.500)]</textcolor>
				<shadowcolor>black</shadowcolor>
				<label fallback="[COLORgrey].....[/COLOR]">$INFO[ListItem.AddonType]</label>
				<scroll>true</scroll>
			</control>
			<control type="image">
				<visible>!Skin.HasSetting(Shadow)</visible>
				<left>1</left>
				<top>471</top>
				<width>1365</width>
				<height>1</height>
				<texture colordiffuse="black">backgrounds/white.png</texture>
			</control>
			<control type="image">
				<left>0</left>
				<top>470</top>
				<width>1365</width>
				<height>1</height>
				<texture colordiffuse="$INFO[Skin.String(color.500)]">backgrounds/white.png</texture>
			</control>
			<control type="label">
				<visible>!Skin.HasSetting(Shadow)</visible>
				<left>2</left>
				<top>582</top>
				<width>750</width>
				<height>35</height>
				<font>button2</font>
				<align>left</align>
				<aligny>center</aligny>
				<textcolor>black</textcolor>
				<shadowcolor>black</shadowcolor>
				<label>Beschreibung:</label>
			</control>
			<control type="label">
				<left>0</left>
				<top>580</top>
				<width>750</width>
				<height>35</height>
				<font>button2</font>
				<align>left</align>
				<aligny>center</aligny>
				<textcolor>white</textcolor>
				<shadowcolor>black</shadowcolor>
				<label>Beschreibung:</label>
			</control>
			<control type="textbox">
				<visible>!Skin.HasSetting(Shadow)</visible>
				<left>2</left>
				<top>632</top>
				<width>750</width>
				<height>290</height>
				<font>button2</font>
				<align>justify</align>
				<textcolor>black</textcolor>
				<shadowcolor>black</shadowcolor>
				<label>$INFO[ListItem.AddonDescription]</label>
				<autoscroll time="2000" delay="6000" repeat="10000">true</autoscroll>
			</control>
			<control type="textbox">
				<left>0</left>
				<top>630</top>
				<width>750</width>
				<height>288</height>
				<font>button2</font>
				<align>justify</align>
				<textcolor>white</textcolor>
				<shadowcolor>black</shadowcolor>
				<label>$INFO[ListItem.AddonDescription]</label>
				<autoscroll time="2000" delay="6000" repeat="10000">true</autoscroll>
			</control>
			<control type="label">
				<visible>!Skin.HasSetting(Shadow)</visible>
				<left>802</left>
				<top>582</top>
				<width>750</width>
				<height>35</height>
				<font>button2</font>
				<align>left</align>
				<aligny>center</aligny>
				<textcolor>black</textcolor>
				<shadowcolor>black</shadowcolor>
				<label>Changelog:</label>
			</control>
			<control type="label">
				<left>800</left>
				<top>580</top>
				<width>750</width>
				<height>35</height>
				<font>button2</font>
				<align>left</align>
				<aligny>center</aligny>
				<textcolor>white</textcolor>
				<shadowcolor>black</shadowcolor>
				<label>Changelog:</label>
			</control>
			<control type="textbox">
				<visible>!Skin.HasSetting(Shadow)</visible>
				<left>802</left>
				<top>632</top>
				<width>650</width>
				<height>290</height>
				<font>button2</font>
				<align>justify</align>
				<textcolor>black</textcolor>
				<shadowcolor>black</shadowcolor>
				<label>$INFO[ListItem.AddonNews]</label>
				<autoscroll time="2000" delay="6000" repeat="10000">true</autoscroll>
			</control>
			<control type="textbox">
				<left>800</left>
				<top>630</top>
				<width>650</width>
				<height>288</height>
				<font>button2</font>
				<align>justify</align>
				<textcolor>white</textcolor>
				<shadowcolor>black</shadowcolor>
				<label>$INFO[ListItem.AddonNews]</label>
				<autoscroll time="2000" delay="6000" repeat="10000">true</autoscroll>
			</control>
			<control type="label">
				<visible>!Skin.HasSetting(Shadow)</visible>
				<left>802</left>
				<top>937</top>
				<width>1075</width>
				<height>35</height>
				<font>font12</font>
				<align>left</align>
				<aligny>center</aligny>
				<textcolor>black</textcolor>
				<shadowcolor>black</shadowcolor>
				<label>[I]$INFO[ListItem.AddonDisclaimer][/I]</label>
				<scroll>true</scroll>
			</control>
			<control type="label">
				<left>800</left>
				<top>935</top>
				<width>1075</width>
				<height>35</height>
				<font>font12</font>
				<align>left</align>
				<aligny>center</aligny>
				<textcolor>grey</textcolor>
				<shadowcolor>black</shadowcolor>
				<label>[I]$INFO[ListItem.AddonDisclaimer][/I]</label>
				<scroll>true</scroll>
			</control>
		</control>
	</controls>
</window>