<?xml version="1.0" encoding="UTF-8"?>
<window>
	<defaultcontrol always="true">8</defaultcontrol>
	<controls>
		<control type="group">
			<visible>Skin.HasSetting(HideFanartMusik)</visible>
			<control type="image">
				<left>1270r</left>
				<top>0</top>
				<width>1280</width>
				<height>720</height>
				<texture>$INFO[ListItem.Art(fanart)]</texture>
			</control>
			<control type="image">
				<visible>!Skin.HasSetting(TMDbVideo)</visible>
				<left>1270r</left>
				<top>0</top>
				<width>1280</width>
				<height>720</height>
				<texture>$INFO[Window(Home).Property(TMDbHelper.ListItem.fanart)]</texture>
				<visible>!String.IsEmpty(Window(Home).Property(TMDbHelper.ListItem.fanart))</visible>
			</control>
			<control type="image">
				<left>0</left>
				<top>0</top>
				<width>100%</width>
				<height>100%</height>
				<texture>backgrounds/fade_50.png</texture>
				<aspectratio>scale</aspectratio>
			</control>
			<control type="image">
				<left>0</left>
				<top>0</top>
				<width>1920</width>
				<height>1080</height>
				<texture diffuse="backgrounds/backgrounddiffuse.png">$INFO[Skin.CurrentTheme,special://skin/extras/backgrounds/,.jpg]</texture>
			</control>
			<control type="image">
				<left>0</left>
				<top>0</top>
				<width>1920</width>
				<height>1080</height>
				<texture diffuse="backgrounds/backgrounddiffuse.png">$INFO[Skin.String(CustomBackgroundPath)]</texture>
				<visible>Skin.HasSetting(UseCustomBackground) + Skin.String(CustomBackgroundPath)</visible>
			</control>
		</control>
		<control type="group">
			<visible>!Skin.HasSetting(HideFanartMusik)</visible>
			<control type="image">
				<left>0</left>
				<top>0</top>
				<width>1920</width>
				<height>1080</height>
				<texture>$INFO[Skin.CurrentTheme,special://skin/extras/backgrounds/,.jpg]</texture>
			</control>
			<control type="image">
				<left>0</left>
				<top>0</top>
				<width>1920</width>
				<height>1080</height>
				<texture>$INFO[Skin.String(CustomBackgroundPath)]</texture>
				<visible>Skin.HasSetting(UseCustomBackground) + Skin.String(CustomBackgroundPath)</visible>
			</control>
		</control>
		<control type="group">
			<visible>!Skin.HasSetting(View50HideClock)</visible>
			<visible>!Player.HasAudio + !Skin.HasSetting(homepageMusicinfo)</visible>
			<visible>!Player.HasVideo + !Skin.HasSetting(homepageVideoinfo)</visible>
			<control type="label">
				<visible>!Skin.HasSetting(Shadow)</visible>
				<top>122r</top>
				<left>23</left>
				<width>500</width>
				<height>22</height>
				<font>font14</font>
				<align>left</align>
				<aligny>center</aligny>
				<label>$INFO[System.Date]</label>
				<textcolor>black</textcolor>
				<shadowcolor>black</shadowcolor>
			</control>
			<control type="label">
				<top>125r</top>
				<left>20</left>
				<width>500</width>
				<height>22</height>
				<font>font14</font>
				<align>left</align>
				<aligny>center</aligny>
				<label>$INFO[System.Date]</label>
				<textcolor>white</textcolor>
				<shadowcolor>black</shadowcolor>
			</control>
			<control type="label">
				<visible>!Skin.HasSetting(Shadow)</visible>
				<top>77r</top>
				<left>23</left>
				<width>500</width>
				<height>30</height>
				<align>left</align>
				<aligny>center</aligny>
				<font>font35_title</font>
				<textcolor>black</textcolor>
				<shadowcolor>black</shadowcolor>
				<label>$INFO[System.Time(hh:mm:ss)]</label>
			</control>
			<control type="label">
				<top>80r</top>
				<left>20</left>
				<width>500</width>
				<height>30</height>
				<align>left</align>
				<aligny>center</aligny>
				<font>font35_title</font>
				<textcolor>$INFO[Skin.String(color.500)]</textcolor>
				<shadowcolor>black</shadowcolor>
				<label>$INFO[System.Time(hh:mm:ss)]</label>
			</control>
		</control>
		<control type="image">
			<visible>!Skin.HasSetting(Shadow)</visible>
			<left>5</left>
			<top>938</top>
			<width>1920</width>
			<height>64</height>
			<texture colordiffuse="black">menu_bar_views.png</texture>
		</control>
		<control type="image">
			<left>0</left>
			<top>935</top>
			<width>1920</width>
			<height>64</height>
			<texture colordiffuse="$INFO[Skin.String(color.500)]">menu_bar_views.png</texture>
		</control>
		<control type="group">
			<left>0</left>
			<top>510</top>
			<visible>Player.HasAudio + !Skin.HasSetting(homepageMusicinfo) + String.IsEmpty(Window(Videos).Property(PlayingBackgroundMedia))</visible>
			<control type="group">
				<control type="label">
					<left>20</left>
					<top>440</top>
					<height>38</height>
					<width>560</width>
					<align>left</align>
					<aligny>center</aligny>
					<font>breadcrumb</font>
					<textcolor>$INFO[Skin.String(color.500)]</textcolor>
					<shadowcolor>black</shadowcolor>
					<label>$INFO[Player.Title]</label>
					<scroll>true</scroll>
				</control>
				<control type="label">
					<left>20</left>
					<top>470</top>
					<height>38</height>
					<width>560</width>
					<align>left</align>
					<aligny>center</aligny>
					<font>breadcrumb.secondary</font>
					<textcolor>$INFO[Skin.String(color.500)]</textcolor>
					<shadowcolor>black</shadowcolor>
					<label>$INFO[MusicPlayer.Artist] [COLORwhite]$INFO[MusicPlayer.Album]$INFO[musicplayer.discnumber, - $LOCALIZE[427]: ][/COLOR]</label>
					<scroll>true</scroll>
				</control>
				<control type="label">
					<left>20</left>
					<top>500</top>
					<height>38</height>
					<width>560</width>
					<align>left</align>
					<aligny>center</aligny>
					<font>breadcrumb.secondary</font>
					<textcolor>white</textcolor>
					<shadowcolor>black</shadowcolor>
					<label>$INFO[Player.Time] / $INFO[Player.Duration,]</label>
					<scroll>true</scroll>
				</control>
			</control>
		</control>
		<control type="group">
			<left>0</left>
			<top>510</top>
			<visible>Player.HasAudio + !Skin.HasSetting(homepageMusicinfo) + String.IsEmpty(Window(Videos).Property(PlayingBackgroundMedia))</visible>
			<control type="group">
				<control type="label">
					<left>20</left>
					<top>440</top>
					<height>38</height>
					<width>560</width>
					<align>left</align>
					<aligny>center</aligny>
					<font>breadcrumb</font>
					<textcolor>$INFO[Skin.String(color.500)]</textcolor>
					<shadowcolor>black</shadowcolor>
					<label>$INFO[Player.Title]</label>
					<scroll>true</scroll>
				</control>
				<control type="label">
					<left>20</left>
					<top>470</top>
					<height>38</height>
					<width>560</width>
					<align>left</align>
					<aligny>center</aligny>
					<font>breadcrumb.secondary</font>
					<textcolor>$INFO[Skin.String(color.500)]</textcolor>
					<shadowcolor>black</shadowcolor>
					<label>$INFO[MusicPlayer.Artist] [COLORwhite]$INFO[MusicPlayer.Album]$INFO[musicplayer.discnumber, - $LOCALIZE[427]: ][/COLOR]</label>
					<scroll>true</scroll>
				</control>
				<control type="label">
					<left>20</left>
					<top>500</top>
					<height>38</height>
					<width>560</width>
					<align>left</align>
					<aligny>center</aligny>
					<font>breadcrumb.secondary</font>
					<textcolor>white</textcolor>
					<shadowcolor>black</shadowcolor>
					<label>$INFO[Player.Time] / $INFO[Player.Duration,]</label>
					<scroll>true</scroll>
				</control>
			</control>
		</control>
		<control type="group">
			<left>0</left>
			<top>480</top>
			<visible>Player.HasVideo + !Skin.HasSetting(homepageVideoinfo) + String.IsEmpty(Window(Videos).Property(PlayingBackgroundMedia))</visible>
				<control type="group">
				<visible>!VideoPlayer.Content(Movies) + !VideoPlayer.Content(Episodes) + !VideoPlayer.Content(LiveTV)</visible>
				<control type="label">
					<left>20</left>
					<top>500</top>
					<height>38</height>
					<width>560</width>
					<align>left</align>
					<aligny>center</aligny>
					<font>breadcrumb</font>
					<textcolor>$INFO[Skin.String(color.500)]</textcolor>
					<shadowcolor>black</shadowcolor>
					<label>$INFO[Player.Title]</label>
					<scroll>true</scroll>
				</control>
				<control type="label">
					<left>20</left>
					<top>530</top>
					<height>38</height>
					<width>560</width>
					<align>left</align>
					<aligny>center</aligny>
					<font>breadcrumb.secondary</font>
					<textcolor>white</textcolor>
					<shadowcolor>black</shadowcolor>
					<label>$INFO[Player.Time] / $INFO[Player.Duration,]</label>
				</control>
			</control>
			<control type="group">
				<visible>VideoPlayer.Content(LiveTV)</visible>
				<control type="label">
					<left>20</left>
					<top>470</top>
					<height>38</height>
					<width>560</width>
					<align>left</align>
					<aligny>center</aligny>
					<font>breadcrumb</font>
					<textcolor>$INFO[Skin.String(color.500)]</textcolor>
					<shadowcolor>black</shadowcolor>
					<label>$INFO[Player.Title]</label>
					<scroll>true</scroll>
				</control>
				<control type="label">
					<left>20</left>
					<top>500</top>
					<height>38</height>
					<width>560</width>
					<align>left</align>
					<aligny>center</aligny>
					<font>breadcrumb.secondary</font>
					<textcolor>white</textcolor>
					<shadowcolor>black</shadowcolor>
					<label>$INFO[VideoPlayer.ChannelName]</label>
					<scroll>true</scroll>
				</control>
				<control type="label">
					<left>20</left>
					<top>530</top>
					<height>38</height>
					<width>560</width>
					<align>left</align>
					<aligny>center</aligny>
					<font>breadcrumb.secondary</font>
					<textcolor>white</textcolor>
					<shadowcolor>black</shadowcolor>
					<label>$INFO[Player.Time] / $INFO[Player.Duration,]</label>
				</control>
			</control>
			<control type="group">
				<visible>VideoPlayer.Content(Movies)</visible>
				<control type="label">
					<left>20</left>
					<top>470</top>
					<height>38</height>
					<width>560</width>
					<align>left</align>
					<aligny>center</aligny>
					<font>breadcrumb</font>
					<textcolor>$INFO[Skin.String(color.500)]</textcolor>
					<shadowcolor>black</shadowcolor>
					<label>$INFO[Player.Title]</label>
					<scroll>true</scroll>
				</control>
				<control type="label">
					<left>20</left>
					<top>500</top>
					<height>38</height>
					<width>560</width>
					<align>left</align>
					<aligny>center</aligny>
					<font>breadcrumb.secondary</font>
					<textcolor>white</textcolor>
					<shadowcolor>black</shadowcolor>
					<label>$INFO[VideoPlayer.Studio]</label>
					<scroll>true</scroll>
				</control>
				<control type="label">
					<left>20</left>
					<top>530</top>
					<height>38</height>
					<width>560</width>
					<align>left</align>
					<aligny>center</aligny>
					<font>breadcrumb.secondary</font>
					<textcolor>white</textcolor>
					<shadowcolor>black</shadowcolor>
					<label>$INFO[Player.Time] / $INFO[Player.Duration,]</label>
				</control>
			</control>
			<control type="group">
				<visible>VideoPlayer.Content(Episodes)</visible>
				<control type="label">
					<left>20</left>
					<top>470</top>
					<height>38</height>
					<width>560</width>
					<align>left</align>
					<aligny>center</aligny>
					<font>breadcrumb</font>
					<textcolor>$INFO[Skin.String(color.500)]</textcolor>
					<shadowcolor>black</shadowcolor>
					<label>$INFO[Player.Title]</label>
					<scroll>true</scroll>
				</control>
				<control type="label">
					<left>20</left>
					<top>500</top>
					<height>38</height>
					<width>560</width>
					<align>left</align>
					<aligny>center</aligny>
					<font>breadcrumb.secondary</font>
					<textcolor>white</textcolor>
					<shadowcolor>black</shadowcolor>
					<label>$INFO[VideoPlayer.TVShowTitle] ($INFO[VideoPlayer.Season,$LOCALIZE[20373] , - ]$INFO[VideoPlayer.episode,$LOCALIZE[20359] ,])</label>
					<scroll>true</scroll>
				</control>
				<control type="label">
					<left>20</left>
					<top>530</top>
					<height>38</height>
					<width>450</width>
					<align>left</align>
					<aligny>center</aligny>
					<font>breadcrumb.secondary</font>
					<textcolor>white</textcolor>
					<shadowcolor>black</shadowcolor>
					<label>$INFO[Player.Time] / $INFO[Player.Duration,]</label>
				</control>
			</control>
		</control>
		<control type="group">
			<left>20</left>
			<width>1880</width>
			<visible>!Window.IsActive(FileBrowser) + !Window.IsActive(SelectDialog)</visible>
			<control type="grouplist" id="9000">
				<top>490</top>
				<width>1880</width>
				<height>60</height>
				<align>left</align>
				<itemgap>10</itemgap>
				<orientation>horizontal</orientation>
				<onleft></onleft>
				<onright></onright>
				<onup>888</onup>
				<ondown>888</ondown>
				<control type="button" id="8">
					<width>250</width>
					<height>60</height>
					<texturefocus colordiffuse="$INFO[Skin.String(color.500)]">backgrounds/white.png</texturefocus>
					<texturenofocus colordiffuse="button.nf">backgrounds/white.png</texturenofocus>
					<font>label</font>
					<textcolor>white</textcolor>
					<focusedcolor>white</focusedcolor>
					<shadowcolor>black</shadowcolor>
					<align>center</align>
					<label>208</label>
					<onclick>PlayMedia</onclick>
					<onup></onup>
					<ondown></ondown>
					<onleft>10</onleft>
					<onright>6</onright>
				</control>
				<control type="button" id="6">
					<width>250</width>
					<height>60</height>
					<texturefocus colordiffuse="$INFO[Skin.String(color.500)]">backgrounds/white.png</texturefocus>
					<texturenofocus colordiffuse="button.nf">backgrounds/white.png</texturenofocus>
					<font>label</font>
					<textcolor>white</textcolor>
					<focusedcolor>white</focusedcolor>
					<shadowcolor>black</shadowcolor>
					<align>center</align>
					<label>208</label>
					<onclick></onclick>
					<onup></onup>
					<ondown></ondown>
					<onleft>8</onleft>
					<onright>10</onright>
				</control>
				<control type="button" id="10">
					<width>250</width>
					<height>60</height>
					<texturefocus colordiffuse="$INFO[Skin.String(color.500)]">backgrounds/white.png</texturefocus>
					<texturenofocus colordiffuse="button.nf">backgrounds/white.png</texturenofocus>
					<font>label</font>
					<textcolor>white</textcolor>
					<focusedcolor>white</focusedcolor>
					<shadowcolor>black</shadowcolor>
					<align>center</align>
					<label>208</label>
					<onclick></onclick>
					<onup></onup>
					<ondown></ondown>
					<onleft>6</onleft>
					<onright>8</onright>
				</control>
			</control>
			<control type="image">
				<visible>!Skin.HasSetting(Shadow)</visible>
				<left>1</left>
				<top>571</top>
				<width>1365</width>
				<height>1</height>
				<texture colordiffuse="black">backgrounds/white.png</texture>
			</control>
			<control type="image">
				<left>0</left>
				<top>570</top>
				<width>1365</width>
				<height>1</height>
				<texture colordiffuse="$INFO[Skin.String(color.500)]">backgrounds/white.png</texture>
			</control>
			<control type="group">
				<visible>Container.Content(Albums) | Container.Content(Artists) | Container.Content(Songs)</visible>
				<control type="group">
					<visible>Skin.HasSetting(HideLogoMusic)</visible>
					<control type="image">
						<visible>!Skin.HasSetting(Shadow)</visible>
						<left>773</left>
						<top>33</top>
						<width>600</width>
						<height>232</height>
						<aspectratio>keep</aspectratio>
						<texture colordiffuse="black">$INFO[Window(Home).Property(SkinHelper.ListItem.Art.ClearLogo)]</texture>
						<visible>!String.IsEmpty(Window(Home).Property(SkinHelper.ListItem.Art.ClearLogo))</visible>
					</control>
					<control type="image">
						<left>770</left>
						<top>30</top>
						<width>600</width>
						<height>232</height>
						<aspectratio>keep</aspectratio>
						<texture>$INFO[Window(Home).Property(SkinHelper.ListItem.Art.ClearLogo)]</texture>
						<visible>!String.IsEmpty(Window(Home).Property(SkinHelper.ListItem.Art.ClearLogo))</visible>
					</control>
					<control type="image"><!--Fallback-->
						<visible>!Skin.HasSetting(Shadow)</visible>
						<left>773</left>
						<top>33</top>
						<width>600</width>
						<height>232</height>
						<aspectratio>keep</aspectratio>
						<texture colordiffuse="black">$INFO[ListItem.Art(clearlogo)]</texture>
						<visible>String.IsEmpty(Window(Home).Property(SkinHelper.ListItem.Art.ClearLogo))</visible>
					</control>
					<control type="image"><!--Fallback-->
						<left>770</left>
						<top>30</top>
						<width>600</width>
						<height>232</height>
						<aspectratio>keep</aspectratio>
						<texture>$INFO[ListItem.Art(clearlogo)]</texture>
						<visible>String.IsEmpty(Window(Home).Property(SkinHelper.ListItem.Art.ClearLogo))</visible>
					</control>
				</control>
				<control type="image"><!--Fallback-->
					<visible>!Skin.HasSetting(Shadow)</visible>
					<left>2</left>
					<top>342</top>
					<width>710</width>
					<height>123</height>
					<aspectratio>scale</aspectratio>
					<texture colordiffuse="black">$INFO[Window(Home).Property(SkinHelper.ListItem.Art.Banner)]</texture>
					<visible>String.IsEmpty(Window(Home).Property(SkinHelper.ListItem.Art.Banner))</visible>
				</control>
				<control type="image"><!--Fallback-->
					<left>0</left>
					<top>340</top>
					<width>710</width>
					<height>123</height>
					<aspectratio>scale</aspectratio>
					<texture>$INFO[Window(Home).Property(SkinHelper.ListItem.Art.Banner)]</texture>
					<visible>String.IsEmpty(Window(Home).Property(SkinHelper.ListItem.Art.Banners))</visible>
				</control>
				<control type="image">
					<visible>!Skin.HasSetting(Shadow)</visible>
					<left>2</left>
					<top>342</top>
					<width>710</width>
					<height>123</height>
					<aspectratio>scale</aspectratio>
					<texture colordiffuse="black">backgrounds/white.png</texture>
					<visible>!String.IsEmpty(Window(Home).Property(SkinHelper.ListItem.Art.Banners))</visible>
				</control>
				<control type="multiimage" id="1">
					<left>0</left>
					<top>340</top>
					<width>710</width>
					<height>123</height>
					<aspectratio>scale</aspectratio>
					<imagepath>$INFO[Window(Home).Property(SkinHelper.ListItem.Art.Banners]</imagepath>
					<timeperimage>3000</timeperimage>
					<fadetime>1000</fadetime>
					<pauseatend>2000</pauseatend>
					<randomize>true</randomize>
					<loop>yes</loop>
					<visible>!String.IsEmpty(Window(Home).Property(SkinHelper.ListItem.Art.Banners))</visible>
				</control>
				<control type="group">
					<control type="group">
						<visible>Container.Content(Albums)</visible>
						<control type="label">
							<visible>!Skin.HasSetting(Shadow)</visible>
							<left>2</left>
							<top>22</top>
							<width>750</width>
							<height>35</height>
							<font>button2</font>
							<align>left</align>
							<aligny>center</aligny>
							<textcolor>black</textcolor>
							<shadowcolor>black</shadowcolor>
							<label>[B]$INFO[ListItem.Title][/B]</label>
							<scroll>true</scroll>
						</control>
						<control type="label">
							<left>0</left>
							<top>20</top>
							<width>750</width>
							<height>35</height>
							<font>button2</font>
							<align>left</align>
							<aligny>center</aligny>
							<textcolor>$INFO[Skin.String(color.500)]</textcolor>
							<shadowcolor>black</shadowcolor>
							<label>[B]$INFO[ListItem.Title][/B]</label>
							<scroll>true</scroll>
						</control>
						<control type="label">
							<visible>!Skin.HasSetting(Shadow)</visible>
							<left>2</left>
							<top>57</top>
							<width>335</width>
							<height>35</height>
							<font>font12</font>
							<align>left</align>
							<aligny>center</aligny>
							<textcolor>black</textcolor>
							<shadowcolor>black</shadowcolor>
							<label>$INFO[ListItem.Artist]</label>
							<scroll>true</scroll>
						</control>
						<control type="label">
							<left>0</left>
							<top>55</top>
							<width>750</width>
							<height>35</height>
							<font>font12</font>
							<align>left</align>
							<aligny>center</aligny>
							<textcolor>white</textcolor>
							<shadowcolor>black</shadowcolor>
							<label>$INFO[ListItem.Artist]</label>
							<scroll>true</scroll>
						</control>
					</control>
					<control type="group">
						<visible>Container.Content(Artists)</visible>
						<control type="label">
							<visible>!Skin.HasSetting(Shadow)</visible>
							<left>2</left>
							<top>22</top>
							<width>750</width>
							<height>35</height>
							<font>button2</font>
							<align>left</align>
							<aligny>center</aligny>
							<textcolor>black</textcolor>
							<shadowcolor>black</shadowcolor>
							<label>[B]$INFO[ListItem.Artist][/B]</label>
							<scroll>true</scroll>
						</control>
						<control type="label">
							<left>0</left>
							<top>20</top>
							<width>750</width>
							<height>35</height>
							<font>button2</font>
							<align>left</align>
							<aligny>center</aligny>
							<textcolor>$INFO[Skin.String(color.500)]</textcolor>
							<shadowcolor>black</shadowcolor>
							<label>[B]$INFO[ListItem.Artist][/B]</label>
							<scroll>true</scroll>
						</control>
					</control>
					<control type="group">
						<visible>Container.Content(Songs)</visible>
						<control type="label">
							<visible>!Skin.HasSetting(Shadow)</visible>
							<left>2</left>
							<top>22</top>
							<width>750</width>
							<height>35</height>
							<font>button2</font>
							<align>left</align>
							<aligny>center</aligny>
							<textcolor>black</textcolor>
							<shadowcolor>black</shadowcolor>
							<label>[B]$INFO[ListItem.Title][/B]</label>
							<scroll>true</scroll>
						</control>
						<control type="label">
							<left>0</left>
							<top>20</top>
							<width>750</width>
							<height>35</height>
							<font>button2</font>
							<align>left</align>
							<aligny>center</aligny>
							<textcolor>$INFO[Skin.String(color.500)]</textcolor>
							<shadowcolor>black</shadowcolor>
							<label>[B]$INFO[ListItem.Title][/B]</label>
							<scroll>true</scroll>
						</control>
						<control type="label">
							<visible>!Skin.HasSetting(Shadow)</visible>
							<left>2</left>
							<top>57</top>
							<width>335</width>
							<height>35</height>
							<font>font12</font>
							<align>left</align>
							<aligny>center</aligny>
							<textcolor>black</textcolor>
							<shadowcolor>black</shadowcolor>
							<label>$INFO[ListItem.Album] $INFO[ListItem.Artist,- ]</label>
							<scroll>true</scroll>
						</control>
						<control type="label">
							<left>0</left>
							<top>55</top>
							<width>750</width>
							<height>35</height>
							<font>font12</font>
							<align>left</align>
							<aligny>center</aligny>
							<textcolor>white</textcolor>
							<shadowcolor>black</shadowcolor>
							<label>$INFO[ListItem.Album] $INFO[ListItem.Artist,- ]</label>
							<scroll>true</scroll>
						</control>
					</control>
					<control type="image">
						<visible>!Skin.HasSetting(Shadow)</visible>
						<left>1</left>
						<top>101</top>
						<width>750</width>
						<height>1</height>
						<texture colordiffuse="black">backgrounds/white.png</texture>
					</control>
					<control type="image">
						<left>0</left>
						<top>100</top>
						<width>750</width>
						<height>1</height>
						<texture colordiffuse="$INFO[Skin.String(color.500)]">backgrounds/white.png</texture>
					</control>
					<control type="image">
						<visible>!Skin.HasSetting(Shadow)</visible>
						<left>-13</left>
						<top>97</top>
						<width>64</width>
						<height>64</height>
						<aspectratio>keep</aspectratio>
						<texture colordiffuse="black">icons/calendar.png</texture>
					</control>
					<control type="image">
						<left>-15</left>
						<top>95</top>
						<width>64</width>
						<height>64</height>
						<aspectratio>keep</aspectratio>
						<texture>icons/calendar.png</texture>
					</control>
					<control type="group">
						<visible>Container.Content(Albums)| Container.Content(Songs)</visible>
						<control type="label">
							<visible>!Skin.HasSetting(Shadow)</visible>
							<left>47</left>
							<top>112</top>
							<width>650</width>
							<height>35</height>
							<font>button2</font>
							<align>left</align>
							<aligny>center</aligny>
							<textcolor>black</textcolor>
							<shadowcolor>black</shadowcolor>
							<label fallback=".....">$INFO[Window(Home).Property(SkinHelper.ListItem.Year)]</label>
							<visible>!String.IsEmpty(Window(Home).Property(SkinHelper.ListItem.Year))</visible>
						</control>
						<control type="label">
							<left>45</left>
							<top>110</top>
							<width>650</width>
							<height>35</height>
							<font>button2</font>
							<align>left</align>
							<aligny>center</aligny>
							<textcolor>$INFO[Skin.String(color.500)]</textcolor>
							<shadowcolor>black</shadowcolor>
							<label fallback="[COLORgrey].....[/COLOR]">$INFO[Window(Home).Property(SkinHelper.ListItem.Year)]</label>
							<visible>!String.IsEmpty(Window(Home).Property(SkinHelper.ListItem.Year))</visible>
						</control>
						<control type="label"><!--Fallback-->
							<left>47</left>
							<top>112</top>
							<width>650</width>
							<height>35</height>
							<font>button2</font>
							<align>left</align>
							<aligny>center</aligny>
							<textcolor>black</textcolor>
							<shadowcolor>black</shadowcolor>
							<label fallback=".....">$INFO[ListItem.Year]</label>
							<visible>String.IsEmpty(Window(Home).Property(SkinHelper.ListItem.Year))</visible>
						</control>
						<control type="label"><!--Fallback-->
							<left>45</left>
							<top>110</top>
							<width>650</width>
							<height>35</height>
							<font>button2</font>
							<align>left</align>
							<aligny>center</aligny>
							<textcolor>$INFO[Skin.String(color.500)]</textcolor>
							<shadowcolor>black</shadowcolor>
							<label fallback="[COLORgrey].....[/COLOR]">$INFO[ListItem.Year]</label>
							<visible>String.IsEmpty(Window(Home).Property(SkinHelper.ListItem.Year))</visible>
						</control>
					</control>
					<control type="group">
						<visible>Container.Content(Artists)</visible>
						<control type="label">
							<visible>!Skin.HasSetting(Shadow)</visible>
							<left>47</left>
							<top>112</top>
							<width>650</width>
							<height>35</height>
							<font>button2</font>
							<align>left</align>
							<aligny>center</aligny>
							<textcolor>black</textcolor>
							<shadowcolor>black</shadowcolor>
							<label fallback=".....">$INFO[Window(Home).Property(SkinHelper.ListItem.born)] $INFO[Window(Home).Property(SkinHelper.ListItem.died),/ ]</label>
							<visible>!String.IsEmpty(Window(Home).Property(SkinHelper.ListItem.born))</visible>
						</control>
						<control type="label">
							<left>45</left>
							<top>110</top>
							<width>650</width>
							<height>35</height>
							<font>button2</font>
							<align>left</align>
							<aligny>center</aligny>
							<textcolor>$INFO[Skin.String(color.500)]</textcolor>
							<shadowcolor>black</shadowcolor>
							<label fallback="[COLORgrey].....[/COLOR]">$INFO[Window(Home).Property(SkinHelper.ListItem.born)] [COLORgrey]$INFO[Window(Home).Property(SkinHelper.ListItem.died),/ ][/COLOR]</label>
							<visible>!String.IsEmpty(Window(Home).Property(SkinHelper.ListItem.born))</visible>
						</control>
						<control type="label"><!--Fallback-->
							<left>47</left>
							<top>112</top>
							<width>650</width>
							<height>35</height>
							<font>button2</font>
							<align>left</align>
							<aligny>center</aligny>
							<textcolor>black</textcolor>
							<shadowcolor>black</shadowcolor>
							<label fallback=".....">$INFO[ListItem.Property(Artist_Born)] $INFO[ListItem.Property(Artist_Died),/ ]</label>
							<visible>String.IsEmpty(Window(Home).Property(SkinHelper.ListItem.born))</visible>
						</control>
						<control type="label"><!--Fallback-->
							<left>45</left>
							<top>110</top>
							<width>650</width>
							<height>35</height>
							<font>button2</font>
							<align>left</align>
							<aligny>center</aligny>
							<textcolor>$INFO[Skin.String(color.500)]</textcolor>
							<shadowcolor>black</shadowcolor>
							<label fallback="[COLORgrey].....[/COLOR]">$INFO[ListItem.Property(Artist_Born)] [COLORgrey]$INFO[ListItem.Property(Artist_Died),/ ][/COLOR]</label>
							<visible>String.IsEmpty(Window(Home).Property(SkinHelper.ListItem.born))</visible>
						</control>
					</control>
					<control type="image">
						<visible>!Skin.HasSetting(Shadow)</visible>
						<left>-13</left>
						<top>142</top>
						<width>64</width>
						<height>64</height>
						<aspectratio>keep</aspectratio>
						<texture colordiffuse="black">icons/clock.png</texture>
					</control>
					<control type="image">
						<left>-15</left>
						<top>140</top>
						<width>64</width>
						<height>64</height>
						<aspectratio>keep</aspectratio>
						<texture>icons/clock.png</texture>
					</control>
					<control type="label">
						<visible>!Skin.HasSetting(Shadow)</visible>
						<left>47</left>
						<top>157</top>
						<width>650</width>
						<height>35</height>
						<font>button2</font>
						<align>left</align>
						<aligny>center</aligny>
						<textcolor>black</textcolor>
						<shadowcolor>black</shadowcolor>
						<label fallback=".....">$INFO[Window(Home).Property(SkinHelper.ListItem.Duration)]</label>
						<visible>!String.IsEmpty(Window(Home).Property(SkinHelper.ListItem.Duration))</visible>
					</control>
					<control type="label">
						<left>45</left>
						<top>155</top>
						<width>650</width>
						<height>35</height>
						<font>button2</font>
						<align>left</align>
						<aligny>center</aligny>
						<textcolor>$INFO[Skin.String(color.500)]</textcolor>
						<shadowcolor>black</shadowcolor>
						<label fallback="[COLORgrey].....[/COLOR]">$INFO[Window(Home).Property(SkinHelper.ListItem.Duration)]</label>
						<visible>!String.IsEmpty(Window(Home).Property(SkinHelper.ListItem.Duration))</visible>
					</control>
					<control type="label"><!--Fallback-->
						<left>47</left>
						<top>157</top>
						<width>650</width>
						<height>35</height>
						<font>button2</font>
						<align>left</align>
						<aligny>center</aligny>
						<textcolor>black</textcolor>
						<shadowcolor>black</shadowcolor>
						<label fallback=".....">$INFO[ListItem.Duration]</label>
						<visible>String.IsEmpty(Window(Home).Property(SkinHelper.ListItem.Duration))</visible>
					</control>
					<control type="label"><!--Fallback-->
						<left>45</left>
						<top>155</top>
						<width>650</width>
						<height>35</height>
						<font>button2</font>
						<align>left</align>
						<aligny>center</aligny>
						<textcolor>$INFO[Skin.String(color.500)]</textcolor>
						<shadowcolor>black</shadowcolor>
						<label fallback="[COLORgrey].....[/COLOR]">$INFO[ListItem.Duration]</label>
						<visible>String.IsEmpty(Window(Home).Property(SkinHelper.ListItem.Duration))</visible>
					</control>
					<control type="image">
						<visible>!Skin.HasSetting(Shadow)</visible>
						<left>-13</left>
						<top>187</top>
						<width>64</width>
						<height>64</height>
						<aspectratio>keep</aspectratio>
						<texture colordiffuse="black">icons/genre.png</texture>
					</control>
					<control type="image">
						<left>-15</left>
						<top>185</top>
						<width>64</width>
						<height>64</height>
						<aspectratio>keep</aspectratio>
						<texture>icons/genre.png</texture>
					</control>
					<control type="label">
						<visible>!Skin.HasSetting(Shadow)</visible>
						<left>47</left>
						<top>202</top>
						<width>705</width>
						<height>35</height>
						<font>button2</font>
						<align>left</align>
						<aligny>center</aligny>
						<textcolor>black</textcolor>
						<shadowcolor>black</shadowcolor>
						<label fallback=".....">$INFO[Window(Home).Property(SkinHelper.ListItem.Genre)]</label>
						<visible>!String.IsEmpty(Window(Home).Property(SkinHelper.ListItem.Genre))</visible>
						<scroll>true</scroll>
					</control>
					<control type="label">
						<left>45</left>
						<top>200</top>
						<width>705</width>
						<height>35</height>
						<font>button2</font>
						<align>left</align>
						<aligny>center</aligny>
						<textcolor>$INFO[Skin.String(color.500)]</textcolor>
						<shadowcolor>black</shadowcolor>
						<label fallback="[COLORgrey].....[/COLOR]">$INFO[Window(Home).Property(SkinHelper.ListItem.Genre)]</label>
						<visible>!String.IsEmpty(Window(Home).Property(SkinHelper.ListItem.Genre))</visible>
						<scroll>true</scroll>
					</control>
					<control type="label"><!--Fallback-->
						<visible>!Skin.HasSetting(Shadow)</visible>
						<left>47</left>
						<top>202</top>
						<width>705</width>
						<height>35</height>
						<font>button2</font>
						<align>left</align>
						<aligny>center</aligny>
						<textcolor>black</textcolor>
						<shadowcolor>black</shadowcolor>
						<label fallback=".....">$INFO[ListItem.Genre]</label>
						<visible>String.IsEmpty(Window(Home).Property(SkinHelper.ListItem.Genre))</visible>
						<scroll>true</scroll>
					</control>
					<control type="label"><!--Fallback-->
						<left>45</left>
						<top>200</top>
						<width>705</width>
						<height>35</height>
						<font>button2</font>
						<align>left</align>
						<aligny>center</aligny>
						<textcolor>$INFO[Skin.String(color.500)]</textcolor>
						<shadowcolor>black</shadowcolor>
						<label fallback="[COLORgrey].....[/COLOR]">$INFO[ListItem.Genre]</label>
						<visible>String.IsEmpty(Window(Home).Property(SkinHelper.ListItem.Genre))</visible>
						<scroll>true</scroll>
					</control>
					<control type="image">
						<visible>!Skin.HasSetting(Shadow)</visible>
						<left>-11</left>
						<top>235</top>
						<width>64</width>
						<height>64</height>
						<aspectratio>keep</aspectratio>
						<texture colordiffuse="black">icons/star.png</texture>
					</control>
					<control type="image">
						<left>-13</left>
						<top>232</top>
						<width>60</width>
						<height>60</height>
						<aspectratio>keep</aspectratio>
						<texture>icons/star.png</texture>
					</control>
					<control type="label">
						<visible>!Skin.HasSetting(Shadow)</visible>
						<left>47</left>
						<top>247</top>
						<width>705</width>
						<height>35</height>
						<font>button2</font>
						<align>left</align>
						<aligny>center</aligny>
						<textcolor>black</textcolor>
						<shadowcolor>black</shadowcolor>
						<label fallback=".....">$INFO[ListItem.RatingAndVotes]</label>
						<scroll>true</scroll>
					</control>
					<control type="label">
						<left>45</left>
						<top>245</top>
						<width>705</width>
						<height>35</height>
						<font>button2</font>
						<align>left</align>
						<aligny>center</aligny>
						<textcolor>$INFO[Skin.String(color.500)]</textcolor>
						<shadowcolor>black</shadowcolor>
						<label fallback="[COLORgrey].....[/COLOR]">$INFO[ListItem.RatingAndVotes]</label>
						<scroll>true</scroll>
					</control>
					<control type="group">
						<visible>Container.Content(Songs)</visible>
						<control type="image">
							<visible>!Skin.HasSetting(Shadow)</visible>
							<left>-12</left>
							<top>279</top>
							<width>60</width>
							<height>60</height>
							<aspectratio>keep</aspectratio>
							<texture colordiffuse="black">osd/audio.png</texture>
						</control>
						<control type="image">
							<left>-10</left>
							<top>277</top>
							<width>60</width>
							<height>60</height>
							<aspectratio>keep</aspectratio>
							<texture>osd/audio.png</texture>
						</control>
						<control type="label">
							<visible>!Skin.HasSetting(Shadow)</visible>
							<left>47</left>
							<top>292</top>
							<width>705</width>
							<height>35</height>
							<font>button2</font>
							<align>left</align>
							<aligny>center</aligny>
							<textcolor>black</textcolor>
							<shadowcolor>black</shadowcolor>
							<label fallback=".....">$INFO[ListItem.BPM,, BPM -] $INFO[ListItem.BitRate ,, Kbps -] $INFO[ListItem.MusicChannels,, Kanal]</label>
							<scroll>true</scroll>
						</control>
						<control type="label">
							<left>45</left>
							<top>290</top>
							<width>705</width>
							<height>35</height>
							<font>button2</font>
							<align>left</align>
							<aligny>center</aligny>
							<textcolor>$INFO[Skin.String(color.500)]</textcolor>
							<shadowcolor>black</shadowcolor>
							<label fallback="[COLORgrey].....[/COLOR]">$INFO[ListItem.BPM,, BPM [COLORwhite]-[/COLOR]] $INFO[ListItem.BitRate ,, Kbps [COLORwhite]-[/COLOR]] $INFO[ListItem.MusicChannels,, Kanal]</label>
							<scroll>true</scroll>
						</control>
					</control>
					<control type="group">
						<control type="label">
							<visible>!Skin.HasSetting(Shadow)</visible>
							<left>2</left>
							<top>582</top>
							<width>750</width>
							<height>35</height>
							<font>button2</font>
							<align>left</align>
							<aligny>center</aligny>
							<textcolor>black</textcolor>
							<shadowcolor>black</shadowcolor>
							<label>Beschreibung:</label>
						</control>
						<control type="label">
							<left>0</left>
							<top>580</top>
							<width>750</width>
							<height>35</height>
							<font>button2</font>
							<align>left</align>
							<aligny>center</aligny>
							<textcolor>white</textcolor>
							<shadowcolor>black</shadowcolor>
							<label>Beschreibung:</label>
						</control>
						<control type="textbox">
							<visible>!Skin.HasSetting(Shadow)</visible>
							<left>2</left>
							<top>632</top>
							<width>710</width>
							<height>288</height>
							<font>button2</font>
							<align>justify</align>
							<textcolor>black</textcolor>
							<shadowcolor>black</shadowcolor>
							<label>$INFO[Window(Home).Property(SkinHelper.ListItem.Plot]</label>
							<visible>!String.IsEmpty(Window(Home).Property(SkinHelper.ListItem.Plot))</visible>
							<autoscroll time="2000" delay="6000" repeat="10000">true</autoscroll>
						</control>
						<control type="textbox">
							<left>0</left>
							<top>630</top>
							<width>710</width>
							<height>288</height>
							<font>button2</font>
							<align>justify</align>
							<textcolor>white</textcolor>
							<shadowcolor>black</shadowcolor>
							<label>$INFO[Window(Home).Property(SkinHelper.ListItem.Plot]</label>
							<visible>!String.IsEmpty(Window(Home).Property(SkinHelper.ListItem.Plot))</visible>
							<autoscroll time="2000" delay="6000" repeat="10000">true</autoscroll>
						</control>
						<control type="group">	
							<visible>Container.Content(Albums)</visible>
							<control type="textbox"><!--Fallback-->
								<visible>!Skin.HasSetting(Shadow)</visible>
								<left>752</left>
								<top>582</top>
								<width>615</width>
								<height>355</height>
								<font>button2</font>
								<align>justify</align>
								<textcolor>black</textcolor>
								<shadowcolor>black</shadowcolor>
								<label>$INFO[Album_Description]</label>
								<visible>String.IsEmpty(Window(Home).Property(SkinHelper.ListItem.Plot))</visible>
								<autoscroll time="2000" delay="6000" repeat="10000">true</autoscroll>
							</control>
							<control type="textbox"><!--Fallback-->
								<left>750</left>
								<top>580</top>
								<width>615</width>
								<height>355</height>
								<font>button2</font>
								<align>justify</align>
								<textcolor>white</textcolor>
								<shadowcolor>black</shadowcolor>
								<label>$INFO[Album_Description]</label>
								<visible>String.IsEmpty(Window(Home).Property(SkinHelper.ListItem.Plot))</visible>
								<autoscroll time="2000" delay="6000" repeat="10000">true</autoscroll>
							</control>
						</control>
						<control type="group">	
							<visible>Container.Content(Artists)</visible>
							<control type="textbox"><!--Fallback-->
								<visible>!Skin.HasSetting(Shadow)</visible>
								<left>752</left>
								<top>582</top>
								<width>615</width>
								<height>355</height>
								<font>button2</font>
								<align>justify</align>
								<textcolor>black</textcolor>
								<shadowcolor>black</shadowcolor>
								<label>$INFO[Artist_Description]</label>
								<visible>String.IsEmpty(Window(Home).Property(SkinHelper.ListItem.Plot))</visible>
								<autoscroll time="2000" delay="6000" repeat="10000">true</autoscroll>
							</control>
							<control type="textbox"><!--Fallback-->
								<left>750</left>
								<top>580</top>
								<width>615</width>
								<height>355</height>
								<font>button2</font>
								<align>justify</align>
								<textcolor>white</textcolor>
								<shadowcolor>black</shadowcolor>
								<label>$INFO[artist_Description]</label>
								<visible>String.IsEmpty(Window(Home).Property(SkinHelper.ListItem.Plot))</visible>
								<autoscroll time="2000" delay="6000" repeat="10000">true</autoscroll>
							</control>
						</control>
						<control type="textbox">
							<visible>!Skin.HasSetting(Shadow)</visible>
							<left>782</left>
							<top>632</top>
							<width>710</width>
							<height>288</height>
							<font>button2</font>
							<align>justify</align>
							<textcolor>black</textcolor>
							<shadowcolor>black</shadowcolor>
							<label>$INFO[Window(Home).Property(SkinHelper.ListItem.Tracks.Formatted2]</label>
							<visible>!String.IsEmpty(Window(Home).Property(SkinHelper.ListItem.Tracks.Formatted2))</visible>
							<autoscroll time="2000" delay="6000" repeat="10000">true</autoscroll>
						</control>
						<control type="textbox">
							<left>780</left>
							<top>630</top>
							<width>710</width>
							<height>288</height>
							<font>button2</font>
							<align>justify</align>
							<textcolor>white</textcolor>
							<shadowcolor>black</shadowcolor>
							<label>$INFO[Window(Home).Property(SkinHelper.ListItem.Tracks.Formatted2]</label>
							<visible>!String.IsEmpty(Window(Home).Property(SkinHelper.ListItem.Tracks.Formatted2))</visible>
							<autoscroll time="2000" delay="6000" repeat="10000">true</autoscroll>
						</control>
					</control>
					<control type="group">	
						<visible>Container.Content(Albums) | Container.Content(Songs)</visible>
						<visible>Skin.HasSetting(HideDiscMusic)</visible>
						<control type="image">
							<top>680</top>
							<left>345r</left>
							<width>310</width>
							<height>310</height>
							<fadetime>1000</fadetime>
							<texture>backgrounds/cdart.png</texture>
							<aspectratio>keep</aspectratio>
							<animation type="Conditional" condition="!Container(50).OnNext + !Container(50).OnPrevious" reversible="false">
								<effect type="fade" start="0" end="100" time="50" delay="1000"/>
							</animation>
							<animation type="Conditional" condition="!Container(50).OnNext + !Container(50).OnPrevious" reversible="false">
								<effect type="slide" start="0,0" end="0,-270" time="500" delay="1000" tween="cubic"/>
							</animation>
							<animation type="Visible" reversible="false">
								<effect type="fade" start="0" end="100" time="1500" tween="cubic"/>
							</animation>
							<animation type="Hidden" reversible="false">
								<effect type="fade" start="100" end="0" time="500" tween="cubic"/>
							</animation>
							<animation effect="rotate" end="-360" center="auto" time="12000" loop="true" reversible="false" condition="true">Conditional</animation>
						</control>
						<control type="image">
							<top>680</top>
							<left>345r</left>
							<width>310</width>
							<height>310</height>
							<fadetime>1000</fadetime>
							<texture>$INFO[Window(Home).Property(SkinHelper.ListItem.Art.DiscArt)]</texture>
							<animation type="Conditional" condition="!Container(50).OnNext + !Container(50).OnPrevious" reversible="false">
								<effect type="fade" start="0" end="100" time="50" delay="1000"/>
							</animation>
							<animation type="Conditional" condition="!Container(50).OnNext + !Container(50).OnPrevious" reversible="false">
								<effect type="slide" start="0,0" end="0,-270" time="500" delay="1000" tween="cubic"/>
							</animation>
							<animation type="Visible" reversible="false">
								<effect type="fade" start="0" end="100" time="1500" tween="cubic"/>
							</animation>
							<animation type="Hidden" reversible="false">
								<effect type="fade" start="100" end="0" time="500" tween="cubic"/>
							</animation>
							<animation effect="rotate" end="-360" center="auto" time="12000" loop="true" reversible="false" condition="true">Conditional</animation>
						</control>
					</control>
					<control type="group">	
						<visible>Container.Content(Albums) | Container.Content(Songs)</visible>
						<control type="image">
							<visible>!Skin.HasSetting(Shadow)</visible>
							<left>387r</left>
							<top>438</top>
							<width>400</width>
							<height>500</height>
							<aspectratio aligny="bottom">keep</aspectratio>
							<texture colordiffuse="black">$INFO[Window(Home).Property(SkinHelper.ListItem.Art.AlbumThumb]</texture>
							<bordertexture></bordertexture>
							<bordersize>10</bordersize>
							<visible>!String.IsEmpty(Window(Home).Property(SkinHelper.ListItem.Art.AlbumThumb))</visible>
						</control>
						<control type="image">
							<left>390r</left>
							<top>435</top>
							<width>400</width>
							<height>500</height>
							<aspectratio aligny="bottom">keep</aspectratio>
							<texture>$INFO[Window(Home).Property(SkinHelper.ListItem.Art.AlbumThumb]</texture>
							<bordertexture></bordertexture>
							<bordersize>10</bordersize>
							<visible>!String.IsEmpty(Window(Home).Property(SkinHelper.ListItem.Art.AlbumThumb))</visible>
						</control>
						<control type="image"><!--Fallback-->
							<visible>!Skin.HasSetting(Shadow)</visible>
							<left>387r</left>
							<top>438</top>
							<width>400</width>
							<height>500</height>
							<aspectratio aligny="bottom">keep</aspectratio>
							<texture colordiffuse="black">$INFO[ListItem.Icon]</texture>
							<bordertexture></bordertexture>
							<bordersize>10</bordersize>
							<visible>String.IsEmpty(Window(Home).Property(SkinHelper.ListItem.Art.AlbumThumb))</visible>
						</control>
						<control type="image"><!--Fallback-->
							<left>390r</left>
							<top>435</top>
							<width>400</width>
							<height>500</height>
							<aspectratio aligny="bottom">keep</aspectratio>
							<texture >$INFO[ListItem.Icon]</texture>
							<bordertexture></bordertexture>
							<bordersize>10</bordersize>
							<visible>String.IsEmpty(Window(Home).Property(SkinHelper.ListItem.Art.AlbumThumb))</visible>
						</control>
						<control type="image">
							<visible>Skin.HasSetting(HideShellMusic)</visible>
							<left>420r</left>
							<top>500</top>
							<width>430</width>
							<height>430</height>
							<aspectratio aligny="bottom">keep</aspectratio>
							<texture background="true">shell/cd.png</texture>
						</control>
					</control>
					<control type="group">	
						<visible>Container.Content(Artists)</visible>
						<control type="image">
							<visible>!Skin.HasSetting(Shadow)</visible>
							<left>387r</left>
							<top>438</top>
							<width>400</width>
							<height>500</height>
							<aspectratio aligny="bottom">keep</aspectratio>
							<texture colordiffuse="black">$INFO[Window(Home).Property(SkinHelper.ListItem.Art.ArtistThumb]</texture>
							<bordertexture></bordertexture>
							<bordersize>10</bordersize>
							<visible>!String.IsEmpty(Window(Home).Property(SkinHelper.ListItem.Art.ArtistThumb))</visible>
						</control>
						<control type="image">
							<left>390r</left>
							<top>435</top>
							<width>400</width>
							<height>500</height>
							<aspectratio aligny="bottom">keep</aspectratio>
							<texture>$INFO[Window(Home).Property(SkinHelper.ListItem.Art.ArtistThumb]</texture>
							<bordertexture></bordertexture>
							<bordersize>10</bordersize>
							<visible>!String.IsEmpty(Window(Home).Property(SkinHelper.ListItem.Art.ArtistThumb))</visible>
						</control>
						<control type="image"><!--Fallback-->
							<visible>!Skin.HasSetting(Shadow)</visible>
							<left>387r</left>
							<top>438</top>
							<width>400</width>
							<height>500</height>
							<aspectratio aligny="bottom">keep</aspectratio>
							<texture colordiffuse="black">$INFO[ListItem.Icon]</texture>
							<bordertexture></bordertexture>
							<bordersize>10</bordersize>
							<visible>String.IsEmpty(Window(Home).Property(SkinHelper.ListItem.Art.ArtistThumb))</visible>
						</control>
						<control type="image"><!--Fallback-->
							<left>390r</left>
							<top>435</top>
							<width>400</width>
							<height>500</height>
							<aspectratio aligny="bottom">keep</aspectratio>
							<texture >$INFO[ListItem.Icon]</texture>
							<bordertexture></bordertexture>
							<bordersize>10</bordersize>
							<visible>String.IsEmpty(Window(Home).Property(SkinHelper.ListItem.Art.ArtistThumb))</visible>
						</control>
					</control>
				</control>
			</control>
		</control>
	</controls>
</window>