<?xml version="1.0" encoding="UTF-8"?>
<window>
	<defaultcontrol always="true">10</defaultcontrol>
	<onload condition="Skin.HasSetting(StopVideoOnBack) + !Player.HasAudio">PlayerControl(Stop)</onload>
	<menucontrol>9000</menucontrol>
	<views>10</views>
	<controls>
		<control type="group">
			<control type="image">
				<left>1270r</left>
				<top>0</top>
				<width>1280</width>
				<height>720</height>
				<texture>$INFO[ListItem.Icon]</texture>
				<visible>String.IsEmpty(ListItem.EPGEventIcon)</visible>
			</control>
			<control type="image">
				<left>1270r</left>
				<top>0</top>
				<width>1280</width>
				<height>720</height>
				<texture>$INFO[ListItem.EPGEventIcon]</texture>
			</control>
			<control type="image">
			<visible>!Skin.HasSetting(SHSPVR)</visible>
				<left>1270r</left>
				<top>0</top>
				<width>1280</width>
				<height>720</height>
				<texture>$INFO[Window(Home).Property(SkinHelper.ListItem.Art.Fanart)]</texture>
				<visible>!String.IsEmpty(Window(Home).Property(SkinHelper.ListItem.Art.Fanart))</visible>
			</control>
			<control type="image">
				<left>0</left>
				<top>0</top>
				<width>100%</width>
				<height>100%</height>
				<texture>backgrounds/fade.png</texture>
				<aspectratio>scale</aspectratio>
			</control>
			<control type="image">
				<left>0</left>
				<top>0</top>
				<width>100%</width>
				<height>100%</height>
				<texture>backgrounds/fade.png</texture>
				<aspectratio>scale</aspectratio>
			</control>
			<control type="image">
				<left>0</left>
				<top>0</top>
				<width>100%</width>
				<height>100%</height>
				<texture>backgrounds/fade.png</texture>
				<aspectratio>scale</aspectratio>
			</control>
			<control type="image">
				<left>0</left>
				<top>0</top>
				<width>100%</width>
				<height>100%</height>
				<texture>backgrounds/fade.png</texture>
				<aspectratio>scale</aspectratio>
			</control>
			<control type="image">
				<left>0</left>
				<top>0</top>
				<width>1920</width>
				<height>1080</height>
				<texture diffuse="backgrounds/backgrounddiffuse.png">$INFO[Skin.CurrentTheme,special://skin/extras/backgrounds/,.jpg]</texture>
			</control>
			<control type="image">
				<left>0</left>
				<top>0</top>
				<width>1920</width>
				<height>1080</height>
				<texture diffuse="backgrounds/backgrounddiffuse.png">$INFO[Skin.String(CustomBackgroundPath)]</texture>
				<visible>Skin.HasSetting(UseCustomBackground) + Skin.String(CustomBackgroundPath)</visible>
			</control>
		</control>
		<control type="group">
			<visible>!Skin.HasSetting(View50HideClock)</visible>
			<visible>!Player.HasAudio + !Skin.HasSetting(homepageMusicinfo)</visible>
			<visible>!Player.HasVideo + !Skin.HasSetting(homepageVideoinfo)</visible>
			<control type="label">
				<top>125r</top>
				<left>20</left>
				<width>500</width>
				<height>22</height>
				<font>font14</font>
				<align>left</align>
				<aligny>center</aligny>
				<label>$INFO[System.Date]</label>
				<textcolor>white</textcolor>
				<shadowcolor>black</shadowcolor>
			</control>
			<control type="label">
				<top>80r</top>
				<left>20</left>
				<width>500</width>
				<height>30</height>
				<align>left</align>
				<aligny>center</aligny>
				<font>font35_title</font>
				<textcolor>$INFO[Skin.String(color.500)]</textcolor>
				<shadowcolor>black</shadowcolor>
				<label>$INFO[System.Time(hh:mm:ss)]</label>
			</control>
		</control>
		<control type="image">
			<left>0</left>
			<top>935</top>
			<width>1920</width>
			<height>64</height>
			<texture colordiffuse="$INFO[Skin.String(color.500)]">menu_bar_views.png</texture>
		</control>
		<control type="group">
			<left>0</left>
			<top>510</top>
			<visible>Player.HasAudio + !Skin.HasSetting(homepageMusicinfo) + String.IsEmpty(Window(Videos).Property(PlayingBackgroundMedia))</visible>
			<control type="group">
				<control type="label">
					<left>20</left>
					<top>440</top>
					<height>38</height>
					<width>560</width>
					<align>left</align>
					<aligny>center</aligny>
					<font>breadcrumb</font>
					<textcolor>$INFO[Skin.String(color.500)]</textcolor>
					<shadowcolor>black</shadowcolor>
					<label>$INFO[Player.Title]</label>
					<scroll>true</scroll>
				</control>
				<control type="label">
					<left>20</left>
					<top>470</top>
					<height>38</height>
					<width>560</width>
					<align>left</align>
					<aligny>center</aligny>
					<font>breadcrumb.secondary</font>
					<textcolor>$INFO[Skin.String(color.500)]</textcolor>
					<shadowcolor>black</shadowcolor>
					<label>$INFO[MusicPlayer.Artist] [COLORwhite]$INFO[MusicPlayer.Album]$INFO[musicplayer.discnumber, - $LOCALIZE[427]: ][/COLOR]</label>
					<scroll>true</scroll>
				</control>
				<control type="label">
					<left>20</left>
					<top>500</top>
					<height>38</height>
					<width>560</width>
					<align>left</align>
					<aligny>center</aligny>
					<font>breadcrumb.secondary</font>
					<textcolor>white</textcolor>
					<shadowcolor>black</shadowcolor>
					<label>$INFO[Player.Time] / $INFO[Player.Duration,]</label>
					<scroll>true</scroll>
				</control>
			</control>
		</control>
		<control type="group">
			<left>0</left>
			<top>480</top>
			<visible>Player.HasVideo + !Skin.HasSetting(homepageVideoinfo) + String.IsEmpty(Window(Videos).Property(PlayingBackgroundMedia))</visible>
				<control type="group">
				<visible>!VideoPlayer.Content(Movies) + !VideoPlayer.Content(Episodes) + !VideoPlayer.Content(LiveTV)</visible>
				<control type="label">
					<left>20</left>
					<top>500</top>
					<height>38</height>
					<width>560</width>
					<align>left</align>
					<aligny>center</aligny>
					<font>breadcrumb</font>
					<textcolor>$INFO[Skin.String(color.500)]</textcolor>
					<shadowcolor>black</shadowcolor>
					<label>$INFO[Player.Title]</label>
					<scroll>true</scroll>
				</control>
				<control type="label">
					<left>20</left>
					<top>530</top>
					<height>38</height>
					<width>560</width>
					<align>left</align>
					<aligny>center</aligny>
					<font>breadcrumb.secondary</font>
					<textcolor>white</textcolor>
					<shadowcolor>black</shadowcolor>
					<label>$INFO[Player.Time] / $INFO[Player.Duration,]</label>
				</control>
			</control>
			<control type="group">
				<visible>VideoPlayer.Content(LiveTV)</visible>
				<control type="label">
					<left>20</left>
					<top>470</top>
					<height>38</height>
					<width>560</width>
					<align>left</align>
					<aligny>center</aligny>
					<font>breadcrumb</font>
					<textcolor>$INFO[Skin.String(color.500)]</textcolor>
					<shadowcolor>black</shadowcolor>
					<label>$INFO[Player.Title]</label>
					<scroll>true</scroll>
				</control>
				<control type="label">
					<left>20</left>
					<top>500</top>
					<height>38</height>
					<width>560</width>
					<align>left</align>
					<aligny>center</aligny>
					<font>breadcrumb.secondary</font>
					<textcolor>white</textcolor>
					<shadowcolor>black</shadowcolor>
					<label>$INFO[VideoPlayer.ChannelName]</label>
					<scroll>true</scroll>
				</control>
				<control type="label">
					<left>20</left>
					<top>530</top>
					<height>38</height>
					<width>560</width>
					<align>left</align>
					<aligny>center</aligny>
					<font>breadcrumb.secondary</font>
					<textcolor>white</textcolor>
					<shadowcolor>black</shadowcolor>
					<label>$INFO[Player.Time] / $INFO[Player.Duration,]</label>
				</control>
			</control>
			<control type="group">
				<visible>VideoPlayer.Content(Movies)</visible>
				<control type="label">
					<left>20</left>
					<top>470</top>
					<height>38</height>
					<width>560</width>
					<align>left</align>
					<aligny>center</aligny>
					<font>breadcrumb</font>
					<textcolor>$INFO[Skin.String(color.500)]</textcolor>
					<shadowcolor>black</shadowcolor>
					<label>$INFO[Player.Title]</label>
					<scroll>true</scroll>
				</control>
				<control type="label">
					<left>20</left>
					<top>500</top>
					<height>38</height>
					<width>560</width>
					<align>left</align>
					<aligny>center</aligny>
					<font>breadcrumb.secondary</font>
					<textcolor>white</textcolor>
					<shadowcolor>black</shadowcolor>
					<label>$INFO[VideoPlayer.Studio]</label>
					<scroll>true</scroll>
				</control>
				<control type="label">
					<left>20</left>
					<top>530</top>
					<height>38</height>
					<width>560</width>
					<align>left</align>
					<aligny>center</aligny>
					<font>breadcrumb.secondary</font>
					<textcolor>white</textcolor>
					<shadowcolor>black</shadowcolor>
					<label>$INFO[Player.Time] / $INFO[Player.Duration,]</label>
				</control>
			</control>
			<control type="group">
				<visible>VideoPlayer.Content(Episodes)</visible>
				<control type="label">
					<left>20</left>
					<top>470</top>
					<height>38</height>
					<width>560</width>
					<align>left</align>
					<aligny>center</aligny>
					<font>breadcrumb</font>
					<textcolor>$INFO[Skin.String(color.500)]</textcolor>
					<shadowcolor>black</shadowcolor>
					<label>$INFO[Player.Title]</label>
					<scroll>true</scroll>
				</control>
				<control type="label">
					<left>20</left>
					<top>500</top>
					<height>38</height>
					<width>560</width>
					<align>left</align>
					<aligny>center</aligny>
					<font>breadcrumb.secondary</font>
					<textcolor>white</textcolor>
					<shadowcolor>black</shadowcolor>
					<label>$INFO[VideoPlayer.TVShowTitle] ($INFO[VideoPlayer.Season,$LOCALIZE[20373] , - ]$INFO[VideoPlayer.episode,$LOCALIZE[20359] ,])</label>
					<scroll>true</scroll>
				</control>
				<control type="label">
					<left>20</left>
					<top>530</top>
					<height>38</height>
					<width>450</width>
					<align>left</align>
					<aligny>center</aligny>
					<font>breadcrumb.secondary</font>
					<textcolor>white</textcolor>
					<shadowcolor>black</shadowcolor>
					<label>$INFO[Player.Time] / $INFO[Player.Duration,]</label>
				</control>
			</control>
		</control>
		<control type="label">
			<left>520r</left>
			<top>1010</top>
			<height>38</height>
			<width>500</width>
			<align>right</align>
			<aligny>center</aligny>
			<font>breadcrumb.secondary</font>
			<textcolor>white</textcolor>
			<shadowcolor>black</shadowcolor>
			<label>$INFO[Container.NumItems] $LOCALIZE[31025] $INFO[Container.CurrentPage,$LOCALIZE[31024] ]$INFO[Container.NumPages,/,]</label>
		</control>
		<control type="group" id="50">
			<include>Window_OpenClose_Animation</include>
			<include>PVRGuideViewTimeline</include>
		</control>
		<include>PVRSideBlade</include>
		<include>PVRChannelNumberInput</include>
	</controls>
</window>
