<?xml version="1.0" encoding="UTF-8"?>
<window>
	<defaultcontrol always="true">10</defaultcontrol>
	<onload condition="System.HasAddon(plugin.video.themoviedb.helper)">Skin.SetBool(TMDbHelper.Service)</onload>
	<onload condition="System.HasAddon(script.artistslideshow)">RunScript(script.artistslideshow,daemon=True)</onload>
	<onload condition="System.HasAddon(script.skin.helper.service)">Skin.SetBool(SkinHelper.EnableMusicArt)</onload>
	<onload condition="System.HasAddon(script.skin.helper.service)">Skin.SetBool(SkinHelper.EnablePVRThumbs)</onload>
	<include>CheckSkinColorsSet</include>
	<controls>
		<control type="button" id="10">
			<description>trigger</description>
			<onfocus>ReplaceWindow($INFO[System.StartupWindow])</onfocus>
			<texturenofocus></texturenofocus>
			<texturefocus></texturefocus>
			<visible>!Skin.HasSetting(Use_Startup_Playlist)</visible>
		</control>
		<control type="button" id="10">
			<description>trigger with startup Playlist</description>
			<onfocus>PlayMedia($INFO[Skin.String(Startup_Playlist_Path)])</onfocus>
			<onfocus>ReplaceWindow($INFO[System.StartupWindow])</onfocus>
			<texturenofocus></texturenofocus>
			<texturefocus></texturefocus>
			<visible>Skin.HasSetting(Use_Startup_Playlist)</visible>
		</control>
		<include>CommonBackground</include>
	</controls>
</window>