<?xml version="1.0" encoding="UTF-8"?>
<includes>
	<include name="PVRGuideViewTimeline">
		<control type="group">
			<visible>Control.IsVisible(10)</visible>
			<include>VisibleFadeEffect</include>
			<left>20</left>
			<top>20</top>
			<width>1880</width>
			<height>783</height>
			<control type="image">
				<visible>!Skin.HasSetting(Shadow)</visible>
				<left>1</left>
				<top>56</top>
				<width>1880</width>
				<height>1</height>
				<aspectratio>stretch</aspectratio>
				<texture colordiffuse="black">backgrounds/white.png</texture>
			</control>
			<control type="image">
				<left>0</left>
				<top>55</top>
				<width>1880</width>
				<height>1</height>
				<aspectratio>stretch</aspectratio>
				<texture colordiffuse="$INFO[Skin.String(color.500)]">backgrounds/white.png</texture>
			</control>
			<control type="epggrid" id="10">
				<viewtype label="19032">list</viewtype>
				<width>1880</width>
				<height>560</height>
				<pagecontrol>60</pagecontrol>
				<scrolltime>350</scrolltime>
				<timeblocks>30</timeblocks>
				<rulerunit>6</rulerunit>
				<onleft>101</onleft>
				<onright>60</onright>
				<onup>10</onup>
				<ondown>10</ondown>
				<onback>101</onback>
				<rulerlayout height="70" width="60">
					<control type="label" id="2">
						<left>5</left>
						<top>-5</top>
						<width>51</width>
						<height>70</height>
						<font>label</font>
						<textcolor>white</textcolor>
						<aligny>center</aligny>
						<selectedcolor>$INFO[Skin.String(color.500)]</selectedcolor>
						<shadowcolor>black</shadowcolor>
						<align>left</align>
						<label>$INFO[ListItem.Label]</label>
					</control>
				</rulerlayout>
				<channellayout height="70" width="720">
					<control type="image">
						<width>700</width>
						<height>60</height>
						<texture colordiffuse="button.nf">backgrounds/white.png</texture>
					</control>
					<control type="label">
						<left>15</left>
						<width>60</width>
						<height>60</height>
						<font>label</font>
						<align>left</align>
						<aligny>center</aligny>
						<textcolor>white</textcolor>
						<selectedcolor>$INFO[Skin.String(color.500)]</selectedcolor>
						<shadowcolor>black</shadowcolor>
						<info>ListItem.ChannelNumberLabel</info>
					</control>
					<control type="label" id="1">
						<left>85</left>
						<width>450</width>
						<height>60</height>
						<font>label</font>
						<aligny>center</aligny>
						<textcolor>white</textcolor>
						<selectedcolor>$INFO[Skin.String(color.500)]</selectedcolor>
						<shadowcolor>black</shadowcolor>
						<align>left</align>
						<label>$INFO[ListItem.ChannelName]</label>
					</control>
					<control type="image">
						<left>560</left>
						<top>0</top>
						<width>140</width>
						<height>60</height>
						<align>right</align>
						<aligny>center</aligny>
						<aspectratio>keep</aspectratio>
						<texture>$INFO[ListItem.Icon]</texture>
					</control>
				</channellayout>
				<focusedchannellayout height="70" width="720">
					<control type="image">
						<width>700</width>
						<height>60</height>
						<texture colordiffuse="$INFO[Skin.String(color.500)]">backgrounds/white.png</texture>
					</control>
					<control type="label">
						<left>15</left>
						<width>60</width>
						<height>60</height>
						<font>label</font>
						<align>left</align>
						<aligny>center</aligny>
						<textcolor>white</textcolor>
						<selectedcolor>$INFO[Skin.String(color.500)]</selectedcolor>
						<shadowcolor>black</shadowcolor>
						<info>ListItem.ChannelNumberLabel</info>
					</control>
					<control type="label" id="1">
						<left>85</left>
						<width>450</width>
						<height>60</height>
						<font>label</font>
						<aligny>center</aligny>
						<textcolor>white</textcolor>
						<selectedcolor>$INFO[Skin.String(color.500)]</selectedcolor>
						<shadowcolor>black</shadowcolor>
						<align>left</align>
						<label>$INFO[ListItem.ChannelName]</label>
					</control>
					<control type="image">
						<left>560</left>
						<top>0</top>
						<width>140</width>
						<height>60</height>
						<align>right</align>
						<aligny>center</aligny>
						<aspectratio>keep</aspectratio>
						<texture>$INFO[ListItem.Icon]</texture>
					</control>
				</focusedchannellayout>
				<itemlayout height="70" width="60">
					<control type="image" id="2">
						<width>58</width>
						<height>60</height>
						<left>0</left>
						<top>0</top>
						<aspectratio>stretch</aspectratio>
						<texture colordiffuse="button.nf">backgrounds/white.png</texture>
					</control>
					<control type="label" id="1">
						<left>10</left>
						<top>0</top>
						<width>38</width>
						<height>60</height>
						<font>label</font>
						<aligny>center</aligny>
						<textcolor>$INFO[Skin.String(color.text)]</textcolor>
						<selectedcolor>$INFO[Skin.String(color.500)]</selectedcolor>
						<shadowcolor>black</shadowcolor>
						<align>left</align>
						<info>ListItem.Label</info>
					</control>
				</itemlayout>
				<focusedlayout height="70" width="60">
					<control type="image" id="2">
						<width>58</width>
						<height>60</height>
						<left>0</left>
						<top>0</top>
						<aspectratio>stretch</aspectratio>
						<texture colordiffuse="$INFO[Skin.String(color.500)]">backgrounds/white.png</texture>
					</control>
					<control type="label" id="1">
						<left>10</left>
						<top>0</top>
						<width>38</width>
						<height>60</height>
						<font>label</font>
						<aligny>center</aligny>
						<textcolor>white</textcolor>
						<selectedcolor>$INFO[Skin.String(color.500)]</selectedcolor>
						<shadowcolor>black</shadowcolor>
						<align>left</align>
						<info>ListItem.Label</info>
					</control>
				</focusedlayout>
			</control>
			<control type="image">
				<visible>!Skin.HasSetting(Shadow)</visible>
				<left>1</left>
				<top>561</top>
				<width>1880</width>
				<height>1</height>
				<aspectratio>stretch</aspectratio>
				<texture colordiffuse="black">backgrounds/white.png</texture>
			</control>
			<control type="image">
				<left>0</left>
				<top>560</top>
				<width>1880</width>
				<height>1</height>
				<aspectratio>stretch</aspectratio>
				<texture colordiffuse="$INFO[Skin.String(color.500)]">backgrounds/white.png</texture>
			</control>
			<control type="image">
				<visible>!Skin.HasSetting(Shadow)</visible>
				<left>2</left>
				<top>577</top>
				<width>700</width>
				<height>330</height>
				<texture colordiffuse="black">$INFO[Window(Home).Property(SkinHelper.ListItem.Art.Clearart)]</texture>
				<visible>!String.IsEmpty(Window(Home).Property(SkinHelper.ListItem.Art.Clearlogo))</visible>
				<aspectratio align="center" aligny="bottom">keep</aspectratio>
			</control>
			<control type="image">
				<left>0</left>
				<top>575</top>
				<width>700</width>
				<height>330</height>
				<texture>$INFO[Window(Home).Property(SkinHelper.ListItem.Art.Clearart)]</texture>
				<visible>!String.IsEmpty(Window(Home).Property(SkinHelper.ListItem.Art.Clearlogo))</visible>
				<aspectratio align="center" aligny="bottom">keep</aspectratio>
			</control>
			<control type="image"><!--Fallback-->
				<visible>!Skin.HasSetting(Shadow)</visible>
				<left>2</left>
				<top>577</top>
				<width>700</width>
				<height>330</height>
				<texture colordiffuse="black">$INFO[Window(Home).Property(SkinHelper.ListItem.Art.Clearlogo)]</texture>
				<visible>String.IsEmpty(Window(Home).Property(SkinHelper.ListItem.Art.Clearart))</visible>
				<aspectratio align="center" aligny="bottom">keep</aspectratio>
			</control>
			<control type="image" id="1"><!--Fallback-->
				<left>0</left>
				<top>575</top>
				<width>700</width>
				<height>330</height>
				<texture>$INFO[Window(Home).Property(SkinHelper.ListItem.Art.Clearlogo)]</texture>
				<visible>String.IsEmpty(Window(Home).Property(SkinHelper.ListItem.Art.Clearart))</visible>
				<aspectratio align="center" aligny="bottom">keep</aspectratio>
			</control>
			<control type="image"><!--Fallback-->
				<visible>!Skin.HasSetting(Shadow)</visible>
				<left>2</left>
				<top>577</top>
				<width>700</width>
				<height>330</height>
				<texture colordiffuse="black">$INFO[ListItem.Icon]</texture>
				<visible>String.IsEmpty(Window(Home).Property(SkinHelper.ListItem.Art.Clearart))</visible>
				<visible>String.IsEmpty(Window(Home).Property(SkinHelper.ListItem.Art.Clearlogo))</visible>
				<aspectratio align="center" aligny="bottom">keep</aspectratio>
			</control>
			<control type="image"><!--Fallback-->
				<left>0</left>
				<top>575</top>
				<width>700</width>
				<height>330</height>
				<texture>$INFO[ListItem.Icon]</texture>
				<visible>String.IsEmpty(Window(Home).Property(SkinHelper.ListItem.Art.Clearart))</visible>
				<visible>String.IsEmpty(Window(Home).Property(SkinHelper.ListItem.Art.Clearlogo))</visible>
				<aspectratio align="center" aligny="bottom">keep</aspectratio>
			</control>
			<control type="label">
				<visible>!Skin.HasSetting(Shadow)</visible>
				<left>722</left>
				<top>572</top>
				<width>1155</width>
				<height>30</height>
				<label>$INFO[ListItem.Label]</label>
				<font>button2</font>
				<textcolor>black</textcolor>
				<shadowcolor>black</shadowcolor>
				<scroll>true</scroll>
			</control>
			<control type="label">
				<left>720</left>
				<top>570</top>
				<width>1155</width>
				<height>30</height>
				<label>$INFO[ListItem.Label]</label>
				<font>button2</font>
				<textcolor>$INFO[Skin.String(color.500)]</textcolor>
				<shadowcolor>black</shadowcolor>
				<scroll>true</scroll>
			</control>
			<control type="image">
				<visible>!Skin.HasSetting(Shadow)</visible>
				<left>707</left>
				<top>602</top>
				<width>64</width>
				<height>64</height>
				<aspectratio>keep</aspectratio>
				<texture colordiffuse="black">icons/clock.png</texture>
			</control>
			<control type="image">
				<left>705</left>
				<top>600</top>
				<width>64</width>
				<height>64</height>
				<aspectratio>keep</aspectratio>
				<texture>icons/clock.png</texture>
			</control>
			<control type="label">
				<visible>!Skin.HasSetting(Shadow)</visible>
				<left>762</left>
				<top>617</top>
				<width>645</width>
				<height>35</height>
				<font>button2</font>
				<align>left</align>
				<aligny>center</aligny>
				<textcolor>black</textcolor>
				<shadowcolor>black</shadowcolor>
				<label fallback=".....">$INFO[ListItem.Duration] $INFO[ListItem.StartTime,von ] $INFO[ListItem.EndTime,- , Uhr]</label>
			</control>
			<control type="label">
				<left>760</left>
				<top>615</top>
				<width>645</width>
				<height>35</height>
				<font>button2</font>
				<align>left</align>
				<aligny>center</aligny>
				<textcolor>$INFO[Skin.String(color.500)]</textcolor>
				<shadowcolor>black</shadowcolor>
				<label fallback="[COLORgrey].....[/COLOR]">$INFO[ListItem.Duration] $INFO[ListItem.StartTime,[COLORwhite]von[/COLOR] ] $INFO[ListItem.EndTime,- , [COLORwhite]Uhr[/COLOR]]</label>
			</control>
			<control type="image">
				<visible>!Skin.HasSetting(Shadow)</visible>
				<left>707</left>
				<top>647</top>
				<width>64</width>
				<height>64</height>
				<aspectratio>keep</aspectratio>
				<texture colordiffuse="black">icons/clock.png</texture>
			</control>
			<control type="image">
				<left>705</left>
				<top>645</top>
				<width>64</width>
				<height>64</height>
				<aspectratio>keep</aspectratio>
				<texture>icons/genre.png</texture>
			</control>
			<control type="label">
				<visible>!Skin.HasSetting(Shadow)</visible>
				<left>762</left>
				<top>662</top>
				<width>645</width>
				<height>35</height>
				<font>button2</font>
				<align>left</align>
				<aligny>center</aligny>
				<textcolor>black</textcolor>
				<shadowcolor>black</shadowcolor>
				<label fallback=".....">$INFO[ListItem.Genre]</label>
				<scroll>true</scroll>
			</control>
			<control type="label">
				<left>760</left>
				<top>660</top>
				<width>645</width>
				<height>35</height>
				<font>button2</font>
				<align>left</align>
				<aligny>center</aligny>
				<textcolor>$INFO[Skin.String(color.500)]</textcolor>
				<shadowcolor>black</shadowcolor>
				<label fallback="[COLORgrey].....[/COLOR]">$INFO[ListItem.Genre]</label>
				<scroll>true</scroll>
			</control>
			<control type="textbox">
				<visible>!Skin.HasSetting(Shadow)</visible>
				<left>727</left>
				<top>707</top>
				<width>1155</width>
				<height>193</height>
				<font>font12</font>
				<align>justify</align>
				<textcolor>black</textcolor>
				<shadowcolor>black</shadowcolor>
				<label>$INFO[ListItem.Plot]</label>
				<autoscroll time="2000" delay="6000" repeat="10000">true</autoscroll>
			</control>
			<control type="textbox">
				<left>725</left>
				<top>705</top>
				<width>1155</width>
				<height>193</height>
				<font>font12</font>
				<align>justify</align>
				<textcolor>white</textcolor>
				<shadowcolor>black</shadowcolor>
				<label>$INFO[ListItem.Plot]</label>
				<autoscroll time="2000" delay="6000" repeat="10000">true</autoscroll>
			</control>
			<control type="label">
				<visible>!Skin.HasSetting(Shadow)</visible>
				<left>797</left>
				<top>930</top>
				<width>954</width>
				<height>30</height>
				<font>font12</font>
				<textcolor>black</textcolor>
				<shadowcolor>black</shadowcolor>
				<align>left</align>
				<aligny>center</aligny>
				<scroll>false</scroll>
				<visible>!String.IsEmpty(ListItem.NextTitle)</visible>
				<label>$LOCALIZE[19031]: $INFO[ListItem.NextTitle] $INFO[ListItem.NextStartTime] $INFO[ListItem.NextEndTime,- ]</label>
			</control>
			<control type="label">
				<left>795</left>
				<top>928</top>
				<width>954</width>
				<height>30</height>
				<font>font12</font>
				<textcolor>grey</textcolor>
				<shadowcolor>black</shadowcolor>
				<align>left</align>
				<aligny>center</aligny>
				<scroll>false</scroll>
				<visible>!String.IsEmpty(ListItem.NextTitle)</visible>
				<label>$LOCALIZE[19031]: $INFO[ListItem.NextTitle] $INFO[ListItem.NextStartTime] $INFO[ListItem.NextEndTime,- ]</label>
			</control>
		</control>
	</include>
</includes>
